Trial-ID,Status,Iteration,activation,activation_E,hidden_layer,learning_rate,num_units,Objective,loss
1,INTERMEDIATE,0,elu,<function Exponential_Linear at 0x2b9f6e261620>,2,1.3899751110269005e-07,1287,940.5643310546875,[940.56433   36.15045    2.18679    2.004473 900.2223  ]
1,INTERMEDIATE,1,elu,<function Exponential_Linear at 0x2b9f6e261620>,2,1.3899751110269005e-07,1287,919.1661987304688,[919.1662     36.14933     2.1871452   2.0051506 878.82367  ]
1,INTERMEDIATE,2,elu,<function Exponential_Linear at 0x2b9f6e261620>,2,1.3899751110269005e-07,1287,895.44970703125,[895.4497     36.148727    2.1878285   2.006336  855.1064   ]
1,INTERMEDIATE,3,elu,<function Exponential_Linear at 0x2b9f6e261620>,2,1.3899751110269005e-07,1287,868.9028930664062,[868.9029     36.14919     2.1889298   2.0080895 828.5569   ]
1,INTERMEDIATE,4,elu,<function Exponential_Linear at 0x2b9f6e261620>,2,1.3899751110269005e-07,1287,839.4323120117188,[839.4323     36.149464    2.190527    2.0105085 799.0824   ]
1,INTERMEDIATE,5,elu,<function Exponential_Linear at 0x2b9f6e261620>,2,1.3899751110269005e-07,1287,807.2640991210938,[807.2641     36.14942     2.1926644   2.0137215 766.9092   ]
1,INTERMEDIATE,6,elu,<function Exponential_Linear at 0x2b9f6e261620>,2,1.3899751110269005e-07,1287,772.9279174804688,[772.9279     36.149628    2.1953907   2.017997  732.56537  ]
1,INTERMEDIATE,7,elu,<function Exponential_Linear at 0x2b9f6e261620>,2,1.3899751110269005e-07,1287,737.1299438476562,[737.12994    36.149776    2.1987705   2.0237615 696.75793  ]
1,INTERMEDIATE,8,elu,<function Exponential_Linear at 0x2b9f6e261620>,2,1.3899751110269005e-07,1287,700.650634765625,[700.65063    36.149944    2.2028215   2.0313978 660.2668   ]
1,INTERMEDIATE,9,elu,<function Exponential_Linear at 0x2b9f6e261620>,2,1.3899751110269005e-07,1287,664.2492065429688,[664.2492     36.150105    2.2075665   2.041224  623.85095  ]
1,COMPLETED,9,elu,<function Exponential_Linear at 0x2b9f6e261620>,2,1.3899751110269005e-07,1287,664.2492065429688,[664.2492     36.150105    2.2075665   2.041224  623.85095  ]
2,INTERMEDIATE,0,relu,<function Exponential_Linear at 0x2b9f6e261620>,4,0.0008853735345320691,1687,272.5289611816406,[272.52896    36.152306    2.2674344   2.175559  231.93341  ]
2,INTERMEDIATE,1,relu,<function Exponential_Linear at 0x2b9f6e261620>,4,0.0008853735345320691,1687,245.1303253173828,[245.13033    36.15238     2.2770436   2.2023911 204.4984   ]
2,INTERMEDIATE,2,relu,<function Exponential_Linear at 0x2b9f6e261620>,4,0.0008853735345320691,1687,220.96026611328125,[220.96027    36.152546    2.287359    2.2316875 180.28847  ]
2,INTERMEDIATE,3,relu,<function Exponential_Linear at 0x2b9f6e261620>,4,0.0008853735345320691,1687,199.88990783691406,[199.88991    36.152447    2.2983537   2.2633934 159.17537  ]
2,INTERMEDIATE,4,relu,<function Exponential_Linear at 0x2b9f6e261620>,4,0.0008853735345320691,1687,181.7522735595703,[181.75227    36.152508    2.3098578   2.297178  140.99228  ]
2,INTERMEDIATE,5,relu,<function Exponential_Linear at 0x2b9f6e261620>,4,0.0008853735345320691,1687,167.77975463867188,[167.77975   36.152462   2.320117   2.32733  126.97956 ]
2,INTERMEDIATE,6,relu,<function Exponential_Linear at 0x2b9f6e261620>,4,0.0008853735345320691,1687,157.70526123046875,[157.70526    36.152725    2.3275785   2.348915  116.87594  ]
2,INTERMEDIATE,7,relu,<function Exponential_Linear at 0x2b9f6e261620>,4,0.0008853735345320691,1687,150.10357666015625,[150.10358    36.15291     2.333096    2.3644958 109.25299  ]
2,INTERMEDIATE,8,relu,<function Exponential_Linear at 0x2b9f6e261620>,4,0.0008853735345320691,1687,144.14605712890625,[144.14606    36.1528      2.3373349   2.3760808 103.27984  ]
2,INTERMEDIATE,9,relu,<function Exponential_Linear at 0x2b9f6e261620>,4,0.0008853735345320691,1687,139.3362274169922,[139.33623    36.152832    2.340674    2.3848898  98.45781  ]
2,COMPLETED,9,relu,<function Exponential_Linear at 0x2b9f6e261620>,4,0.0008853735345320691,1687,139.3362274169922,[139.33623    36.152832    2.340674    2.3848898  98.45781  ]
3,INTERMEDIATE,0,elu,<function Exponential_Linear at 0x2b9f6e261620>,2,0.0009552238668908802,716,95.59109497070312,[95.591095  36.15177    2.3704255  2.4602716 54.608646 ]
3,INTERMEDIATE,1,elu,<function Exponential_Linear at 0x2b9f6e261620>,2,0.0009552238668908802,716,95.36292266845703,[95.36292   36.15137    2.3705068  2.4589183 54.382202 ]
3,INTERMEDIATE,2,elu,<function Exponential_Linear at 0x2b9f6e261620>,2,0.0009552238668908802,716,95.15132141113281,[95.15132   36.15089    2.3707013  2.4579642 54.171803 ]
3,INTERMEDIATE,3,elu,<function Exponential_Linear at 0x2b9f6e261620>,2,0.0009552238668908802,716,94.95391845703125,[94.95392   36.150734   2.3709893  2.457377  53.974846 ]
3,INTERMEDIATE,4,elu,<function Exponential_Linear at 0x2b9f6e261620>,2,0.0009552238668908802,716,94.77652740478516,[94.77653   36.150566   2.3713813  2.4571126 53.797413 ]
3,INTERMEDIATE,5,elu,<function Exponential_Linear at 0x2b9f6e261620>,2,0.0009552238668908802,716,94.61834716796875,[94.61835   36.149708   2.371833   2.4570909 53.639725 ]
3,INTERMEDIATE,6,elu,<function Exponential_Linear at 0x2b9f6e261620>,2,0.0009552238668908802,716,94.4799575805664,[94.47996   36.149326   2.3723128  2.457228  53.501076 ]
3,INTERMEDIATE,7,elu,<function Exponential_Linear at 0x2b9f6e261620>,2,0.0009552238668908802,716,94.35911560058594,[94.359116 36.148792  2.372794  2.457439 53.380165]
3,INTERMEDIATE,8,elu,<function Exponential_Linear at 0x2b9f6e261620>,2,0.0009552238668908802,716,94.25413513183594,[94.254135  36.1483     2.3732316  2.4576406 53.27504  ]
3,INTERMEDIATE,9,elu,<function Exponential_Linear at 0x2b9f6e261620>,2,0.0009552238668908802,716,94.1620101928711,[94.16201   36.14774    2.3736258  2.4577792 53.18291  ]
3,COMPLETED,9,elu,<function Exponential_Linear at 0x2b9f6e261620>,2,0.0009552238668908802,716,94.1620101928711,[94.16201   36.14774    2.3736258  2.4577792 53.18291  ]
4,INTERMEDIATE,0,relu,<function Exponential_Linear at 0x2b9f6e261620>,2,0.00917593896803932,1582,93.27293395996094,[93.272934  36.140675   2.3772998  2.4582577 52.296696 ]
4,INTERMEDIATE,1,relu,<function Exponential_Linear at 0x2b9f6e261620>,2,0.00917593896803932,1582,93.24771118164062,[93.24771   36.140423   2.377237   2.4575238 52.27258  ]
4,INTERMEDIATE,2,relu,<function Exponential_Linear at 0x2b9f6e261620>,2,0.00917593896803932,1582,93.22636413574219,[93.226364  36.14001    2.3771234  2.4566114 52.25264  ]
4,INTERMEDIATE,3,relu,<function Exponential_Linear at 0x2b9f6e261620>,2,0.00917593896803932,1582,93.20575714111328,[93.20576  36.13886   2.37691   2.455518 52.234505]
4,INTERMEDIATE,4,relu,<function Exponential_Linear at 0x2b9f6e261620>,2,0.00917593896803932,1582,93.18665313720703,[93.18665   36.138023   2.3766403  2.4542985 52.217598 ]
4,INTERMEDIATE,5,relu,<function Exponential_Linear at 0x2b9f6e261620>,2,0.00917593896803932,1582,93.16754913330078,[93.16755   36.13681    2.3763275  2.452955  52.201424 ]
4,INTERMEDIATE,6,relu,<function Exponential_Linear at 0x2b9f6e261620>,2,0.00917593896803932,1582,93.15118408203125,[93.151184  36.136116   2.3759596  2.451498  52.187557 ]
4,INTERMEDIATE,7,relu,<function Exponential_Linear at 0x2b9f6e261620>,2,0.00917593896803932,1582,93.13594818115234,[93.13595   36.135162   2.3755682  2.449967  52.17517  ]
4,INTERMEDIATE,8,relu,<function Exponential_Linear at 0x2b9f6e261620>,2,0.00917593896803932,1582,93.12114715576172,[93.12115   36.134495   2.3751426  2.4483454 52.163177 ]
4,INTERMEDIATE,9,relu,<function Exponential_Linear at 0x2b9f6e261620>,2,0.00917593896803932,1582,93.10716247558594,[93.10716   36.133755   2.3746817  2.4466643 52.1522   ]
4,COMPLETED,9,relu,<function Exponential_Linear at 0x2b9f6e261620>,2,0.00917593896803932,1582,93.10716247558594,[93.10716   36.133755   2.3746817  2.4466643 52.1522   ]
5,INTERMEDIATE,0,relu,relu,2,0.0044383792363363594,573,92.95999145507812,[92.95999   36.12278    2.3692458  2.4273157 52.04064  ]
5,INTERMEDIATE,1,relu,relu,2,0.0044383792363363594,573,92.94833374023438,[92.94833   36.12265    2.3686898  2.4253132 52.031746 ]
5,INTERMEDIATE,2,relu,relu,2,0.0044383792363363594,573,92.93888854980469,[92.93889   36.12217    2.368102   2.4232423 52.025352 ]
5,INTERMEDIATE,3,relu,relu,2,0.0044383792363363594,573,92.9296875,[92.92969   36.121105   2.3674998  2.42118   52.01984  ]
5,INTERMEDIATE,4,relu,relu,2,0.0044383792363363594,573,92.92132568359375,[92.921326 36.120277  2.366858  2.419071 52.015167]
5,INTERMEDIATE,5,relu,relu,2,0.0044383792363363594,573,92.91358184814453,[92.91358   36.11966    2.3662148  2.4169526 52.010727 ]
5,INTERMEDIATE,6,relu,relu,2,0.0044383792363363594,573,92.9046859741211,[92.904686  36.11879    2.3655734  2.4148128 52.005463 ]
5,INTERMEDIATE,7,relu,relu,2,0.0044383792363363594,573,92.89639282226562,[92.89639   36.11818    2.3649182  2.4126644 52.000614 ]
5,INTERMEDIATE,8,relu,relu,2,0.0044383792363363594,573,92.88774108886719,[92.88774   36.117382   2.3642576  2.410522  51.99566  ]
5,INTERMEDIATE,9,relu,relu,2,0.0044383792363363594,573,92.87973022460938,[92.87973   36.116634   2.3636138  2.4083984 51.991238 ]
5,COMPLETED,9,relu,relu,2,0.0044383792363363594,573,92.87973022460938,[92.87973   36.116634   2.3636138  2.4083984 51.991238 ]
6,INTERMEDIATE,0,tanh,<function Exponential_Linear at 0x2b9f6e261620>,4,1.0158278358965852e-05,587,92.78950500488281,[92.789505  36.107407   2.3564727  2.3850102 51.940575 ]
6,INTERMEDIATE,1,tanh,<function Exponential_Linear at 0x2b9f6e261620>,4,1.0158278358965852e-05,587,92.78307342529297,[92.78307   36.105736   2.3557935  2.3829067 51.93862  ]
6,INTERMEDIATE,2,tanh,<function Exponential_Linear at 0x2b9f6e261620>,4,1.0158278358965852e-05,587,92.77599334716797,[92.77599   36.105217   2.3551095  2.3808026 51.93492  ]
6,INTERMEDIATE,3,tanh,<function Exponential_Linear at 0x2b9f6e261620>,4,1.0158278358965852e-05,587,92.76897430419922,[92.768974 36.104053  2.354466  2.378691 51.93176 ]
6,INTERMEDIATE,4,tanh,<function Exponential_Linear at 0x2b9f6e261620>,4,1.0158278358965852e-05,587,92.76187133789062,[92.76187   36.10302    2.353809   2.3765764 51.928463 ]
6,INTERMEDIATE,5,tanh,<function Exponential_Linear at 0x2b9f6e261620>,4,1.0158278358965852e-05,587,92.7557373046875,[92.75574   36.1022     2.3531346  2.3744688 51.925884 ]
6,INTERMEDIATE,6,tanh,<function Exponential_Linear at 0x2b9f6e261620>,4,1.0158278358965852e-05,587,92.75003814697266,[92.75004   36.10161    2.3524737  2.3723717 51.923473 ]
6,INTERMEDIATE,7,tanh,<function Exponential_Linear at 0x2b9f6e261620>,4,1.0158278358965852e-05,587,92.74362182617188,[92.74362   36.10084    2.3518133  2.3702922 51.92051  ]
6,INTERMEDIATE,8,tanh,<function Exponential_Linear at 0x2b9f6e261620>,4,1.0158278358965852e-05,587,92.73745727539062,[92.73746   36.099884   2.351173   2.3682396 51.917934 ]
6,INTERMEDIATE,9,tanh,<function Exponential_Linear at 0x2b9f6e261620>,4,1.0158278358965852e-05,587,92.73130798339844,[92.73131   36.099      2.3505254  2.3662019 51.915337 ]
6,COMPLETED,9,tanh,<function Exponential_Linear at 0x2b9f6e261620>,4,1.0158278358965852e-05,587,92.73130798339844,[92.73131   36.099      2.3505254  2.3662019 51.915337 ]
7,INTERMEDIATE,0,relu,relu,3,0.0018663693500938384,573,92.66862487792969,[92.668625  36.091507   2.343533   2.3439548 51.889637 ]
7,INTERMEDIATE,1,relu,relu,3,0.0018663693500938384,573,92.6610107421875,[92.66101   36.089905   2.342942   2.3420277 51.88606  ]
7,INTERMEDIATE,2,relu,relu,3,0.0018663693500938384,573,92.65531921386719,[92.65532   36.0888     2.3422947  2.3401046 51.884037 ]
7,INTERMEDIATE,3,relu,relu,3,0.0018663693500938384,573,92.65042877197266,[92.65043  36.08794   2.341706  2.338219 51.88246 ]
7,INTERMEDIATE,4,relu,relu,3,0.0018663693500938384,573,92.64474487304688,[92.644745  36.08703    2.3411353  2.3363466 51.88018  ]
7,INTERMEDIATE,5,relu,relu,3,0.0018663693500938384,573,92.63932800292969,[92.63933   36.086155   2.3405478  2.3344722 51.878067 ]
7,INTERMEDIATE,6,relu,relu,3,0.0018663693500938384,573,92.6340103149414,[92.63401   36.085274   2.3399522  2.3326051 51.87609  ]
7,INTERMEDIATE,7,relu,relu,3,0.0018663693500938384,573,92.6288070678711,[92.62881   36.084286   2.3393624  2.330741  51.874302 ]
7,INTERMEDIATE,8,relu,relu,3,0.0018663693500938384,573,92.62364196777344,[92.62364   36.083332   2.3387868  2.3288877 51.87252  ]
7,INTERMEDIATE,9,relu,relu,3,0.0018663693500938384,573,92.61844635009766,[92.61845  36.082306  2.338214  2.327056 51.870842]
7,COMPLETED,9,relu,relu,3,0.0018663693500938384,573,92.61844635009766,[92.61845  36.082306  2.338214  2.327056 51.870842]
8,INTERMEDIATE,0,relu,relu,5,1e-07,186,92.562255859375,[92.562256  36.073345   2.3318427  2.3068988 51.850197 ]
8,INTERMEDIATE,1,relu,relu,5,1e-07,186,92.5580825805664,[92.55808   36.07261    2.331315   2.3051505 51.848972 ]
8,INTERMEDIATE,2,relu,relu,5,1e-07,186,92.55350494384766,[92.553505  36.070953   2.3307767  2.3034282 51.848324 ]
8,INTERMEDIATE,3,relu,relu,5,1e-07,186,92.55029296875,[92.55029   36.07046    2.3302383  2.3017192 51.847794 ]
8,INTERMEDIATE,4,relu,relu,5,1e-07,186,92.54574584960938,[92.545746  36.069355   2.3297157  2.300042  51.846504 ]
8,INTERMEDIATE,5,relu,relu,5,1e-07,186,92.5414047241211,[92.541405  36.068573   2.3291786  2.2983658 51.84521  ]
8,INTERMEDIATE,6,relu,relu,5,1e-07,186,92.53742980957031,[92.53743   36.067753   2.3286483  2.296701  51.844284 ]
8,INTERMEDIATE,7,relu,relu,5,1e-07,186,92.53301239013672,[92.53301   36.06702    2.3281243  2.2950313 51.84289  ]
8,INTERMEDIATE,8,relu,relu,5,1e-07,186,92.5290756225586,[92.529076  36.066097   2.3276043  2.2933867 51.842014 ]
8,INTERMEDIATE,9,relu,relu,5,1e-07,186,92.52494049072266,[92.52494  36.065113  2.327091  2.291754 51.840973]
8,COMPLETED,9,relu,relu,5,1e-07,186,92.52494049072266,[92.52494  36.065113  2.327091  2.291754 51.840973]
9,INTERMEDIATE,0,elu,<function Exponential_Linear at 0x2b9f6e261620>,5,0.01,10,92.4796142578125,[92.479614  36.053787   2.3215792  2.274121  51.830196 ]
9,INTERMEDIATE,1,elu,<function Exponential_Linear at 0x2b9f6e261620>,5,0.01,10,92.47417449951172,[92.474174  36.05367    2.3210297  2.2725444 51.82703  ]
9,INTERMEDIATE,2,elu,<function Exponential_Linear at 0x2b9f6e261620>,5,0.01,10,92.470703125,[92.4707    36.05353    2.320511   2.2710137 51.825714 ]
9,INTERMEDIATE,3,elu,<function Exponential_Linear at 0x2b9f6e261620>,5,0.01,10,92.4666976928711,[92.4667    36.052303   2.3200517  2.2695255 51.824852 ]
9,INTERMEDIATE,4,elu,<function Exponential_Linear at 0x2b9f6e261620>,5,0.01,10,92.46298217773438,[92.46298   36.051277   2.3195972  2.268076  51.823914 ]
9,INTERMEDIATE,5,elu,<function Exponential_Linear at 0x2b9f6e261620>,5,0.01,10,92.45917510986328,[92.459175  36.050594   2.3191302  2.2666237 51.82281  ]
9,INTERMEDIATE,6,elu,<function Exponential_Linear at 0x2b9f6e261620>,5,0.01,10,92.455810546875,[92.45581   36.050022   2.3186734  2.2651975 51.82186  ]
9,INTERMEDIATE,7,elu,<function Exponential_Linear at 0x2b9f6e261620>,5,0.01,10,92.45194244384766,[92.45194   36.04899    2.318218   2.2637846 51.82095  ]
9,INTERMEDIATE,8,elu,<function Exponential_Linear at 0x2b9f6e261620>,5,0.01,10,92.44829559326172,[92.448296  36.04824    2.317763   2.2623744 51.820007 ]
9,INTERMEDIATE,9,elu,<function Exponential_Linear at 0x2b9f6e261620>,5,0.01,10,92.44502258300781,[92.44502   36.04752    2.3173203  2.260986  51.819107 ]
9,COMPLETED,9,elu,<function Exponential_Linear at 0x2b9f6e261620>,5,0.01,10,92.44502258300781,[92.44502   36.04752    2.3173203  2.260986  51.819107 ]
10,INTERMEDIATE,0,tanh,<function Exponential_Linear at 0x2b9f6e261620>,5,1e-07,365,92.4092788696289,[92.40928   36.039284   2.3122914  2.2456808 51.81208  ]
10,INTERMEDIATE,1,tanh,<function Exponential_Linear at 0x2b9f6e261620>,5,1e-07,365,92.40433502197266,[92.404335 36.038662  2.311925  2.244428 51.809418]
10,INTERMEDIATE,2,tanh,<function Exponential_Linear at 0x2b9f6e261620>,5,1e-07,365,92.40021514892578,[92.400215  36.037006   2.3115346  2.243178  51.808475 ]
10,INTERMEDIATE,3,tanh,<function Exponential_Linear at 0x2b9f6e261620>,5,1e-07,365,92.39689636230469,[92.3969    36.036114   2.3111224  2.2418983 51.807724 ]
10,INTERMEDIATE,4,tanh,<function Exponential_Linear at 0x2b9f6e261620>,5,1e-07,365,92.39337921142578,[92.39338   36.03489    2.3107052  2.2406464 51.807076 ]
10,INTERMEDIATE,5,tanh,<function Exponential_Linear at 0x2b9f6e261620>,5,1e-07,365,92.38978576660156,[92.389786  36.03397    2.3102815  2.2393775 51.806126 ]
10,INTERMEDIATE,6,tanh,<function Exponential_Linear at 0x2b9f6e261620>,5,1e-07,365,92.38683319091797,[92.38683   36.03337    2.3098555  2.2381265 51.805492 ]
10,INTERMEDIATE,7,tanh,<function Exponential_Linear at 0x2b9f6e261620>,5,1e-07,365,92.38351440429688,[92.383514 36.032364  2.309444  2.236881 51.804863]
10,INTERMEDIATE,8,tanh,<function Exponential_Linear at 0x2b9f6e261620>,5,1e-07,365,92.38054656982422,[92.38055  36.03162   2.309039  2.235641 51.80429 ]
10,INTERMEDIATE,9,tanh,<function Exponential_Linear at 0x2b9f6e261620>,5,1e-07,365,92.37742614746094,[92.377426  36.030846   2.308638   2.2344143 51.80365  ]
10,COMPLETED,9,tanh,<function Exponential_Linear at 0x2b9f6e261620>,5,1e-07,365,92.37742614746094,[92.377426  36.030846   2.308638   2.2344143 51.80365  ]
11,INTERMEDIATE,0,tanh,relu,2,0.01,2000,92.34495544433594,[92.344955  36.02248    2.3041625  2.2209556 51.79731  ]
11,INTERMEDIATE,1,tanh,relu,2,0.01,2000,92.34165954589844,[92.34166  36.02163   2.303756  2.219768 51.796463]
11,INTERMEDIATE,2,tanh,relu,2,0.01,2000,92.33731842041016,[92.33732   36.02013    2.3033917  2.2186167 51.795166 ]
11,INTERMEDIATE,3,tanh,relu,2,0.01,2000,92.33426666259766,[92.33427   36.018993   2.3030198  2.2174585 51.794735 ]
11,INTERMEDIATE,4,tanh,relu,2,0.01,2000,92.3316421508789,[92.33164   36.01841    2.302622   2.2162945 51.794266 ]
11,INTERMEDIATE,5,tanh,relu,2,0.01,2000,92.32881164550781,[92.32881   36.01755    2.3022242  2.2151353 51.793938 ]
11,INTERMEDIATE,6,tanh,relu,2,0.01,2000,92.32537078857422,[92.32537   36.01625    2.3018677  2.2140138 51.793327 ]
11,INTERMEDIATE,7,tanh,relu,2,0.01,2000,92.32260131835938,[92.3226    36.015537   2.301501   2.2128868 51.792812 ]
11,INTERMEDIATE,8,tanh,relu,2,0.01,2000,92.3196029663086,[92.3196    36.01471    2.3011322  2.2117708 51.79226  ]
11,INTERMEDIATE,9,tanh,relu,2,0.01,2000,92.3169174194336,[92.31692   36.0139     2.3007612  2.2106593 51.791664 ]
11,COMPLETED,9,tanh,relu,2,0.01,2000,92.3169174194336,[92.31692   36.0139     2.3007612  2.2106593 51.791664 ]
12,INTERMEDIATE,0,tanh,relu,2,1e-07,93,92.28657531738281,[92.286575  36.004677   2.2968166  2.1985724 51.78651  ]
12,INTERMEDIATE,1,tanh,relu,2,1e-07,93,92.28435516357422,[92.284355  36.003586   2.2964792  2.1975183 51.786842 ]
12,INTERMEDIATE,2,tanh,relu,2,1e-07,93,92.28141784667969,[92.28142   36.00225    2.2960625  2.19647   51.786606 ]
12,INTERMEDIATE,3,tanh,relu,2,1e-07,93,92.2790756225586,[92.279076  36.00173    2.2957327  2.1954322 51.786076 ]
12,INTERMEDIATE,4,tanh,relu,2,1e-07,93,92.2762451171875,[92.276245  36.00067    2.2954266  2.1944292 51.785686 ]
12,INTERMEDIATE,5,tanh,relu,2,1e-07,93,92.27317810058594,[92.27318   35.999786   2.2950919  2.1934185 51.784924 ]
12,INTERMEDIATE,6,tanh,relu,2,1e-07,93,92.27041625976562,[92.27042   35.998894   2.2947598  2.192414  51.784397 ]
12,INTERMEDIATE,7,tanh,relu,2,1e-07,93,92.26753234863281,[92.26753   35.99779    2.2944376  2.1914237 51.783882 ]
12,INTERMEDIATE,8,tanh,relu,2,1e-07,93,92.2649917602539,[92.26499   35.996895   2.294121   2.1904447 51.78354  ]
12,INTERMEDIATE,9,tanh,relu,2,1e-07,93,92.2624740600586,[92.262474  35.995975   2.2938077  2.1894798 51.7831   ]
12,COMPLETED,9,tanh,relu,2,1e-07,93,92.2624740600586,[92.262474  35.995975   2.2938077  2.1894798 51.7831   ]
13,INTERMEDIATE,0,tanh,<function Exponential_Linear at 0x2b9f6e261620>,5,1e-07,461,92.23307037353516,[92.23307   35.986298   2.2904265  2.1789174 51.777367 ]
13,INTERMEDIATE,1,tanh,<function Exponential_Linear at 0x2b9f6e261620>,5,1e-07,461,92.23259735107422,[92.2326    35.986637   2.290089   2.1779783 51.777824 ]
13,INTERMEDIATE,2,tanh,<function Exponential_Linear at 0x2b9f6e261620>,5,1e-07,461,92.23023223876953,[92.23023   35.985504   2.289773   2.1770642 51.77787  ]
13,INTERMEDIATE,3,tanh,<function Exponential_Linear at 0x2b9f6e261620>,5,1e-07,461,92.2278060913086,[92.227806  35.984756   2.2894864  2.1761672 51.777393 ]
13,INTERMEDIATE,4,tanh,<function Exponential_Linear at 0x2b9f6e261620>,5,1e-07,461,92.22583770751953,[92.22584   35.98378    2.2891996  2.1752849 51.777542 ]
13,INTERMEDIATE,5,tanh,<function Exponential_Linear at 0x2b9f6e261620>,5,1e-07,461,92.2237777709961,[92.22378   35.982998   2.2889178  2.1744096 51.77756  ]
13,INTERMEDIATE,6,tanh,<function Exponential_Linear at 0x2b9f6e261620>,5,1e-07,461,92.22120666503906,[92.22121  35.98179   2.288619  2.173535 51.777344]
13,INTERMEDIATE,7,tanh,<function Exponential_Linear at 0x2b9f6e261620>,5,1e-07,461,92.21897888183594,[92.21898   35.980934   2.2883272  2.1726546 51.777107 ]
13,INTERMEDIATE,8,tanh,<function Exponential_Linear at 0x2b9f6e261620>,5,1e-07,461,92.2166748046875,[92.216675  35.980145   2.2880464  2.1717908 51.776745 ]
13,INTERMEDIATE,9,tanh,<function Exponential_Linear at 0x2b9f6e261620>,5,1e-07,461,92.21436309814453,[92.21436   35.979305   2.287767   2.1709237 51.776474 ]
13,COMPLETED,9,tanh,<function Exponential_Linear at 0x2b9f6e261620>,5,1e-07,461,92.21436309814453,[92.21436   35.979305   2.287767   2.1709237 51.776474 ]
14,INTERMEDIATE,0,relu,relu,5,0.01,276,92.18744659423828,[92.18745   35.968777   2.2846925  2.1614852 51.772465 ]
14,INTERMEDIATE,1,relu,relu,5,0.01,276,92.18533325195312,[92.18533   35.96707    2.28444    2.1606815 51.773212 ]
14,INTERMEDIATE,2,relu,relu,5,0.01,276,92.1843032836914,[92.1843    35.967255   2.2841122  2.1598577 51.773186 ]
14,INTERMEDIATE,3,relu,relu,5,0.01,276,92.18246459960938,[92.182465  35.96658    2.283863   2.1590674 51.772945 ]
14,INTERMEDIATE,4,relu,relu,5,0.01,276,92.18002319335938,[92.18002   35.96546    2.2835972  2.158294  51.77263  ]
14,INTERMEDIATE,5,relu,relu,5,0.01,276,92.17826080322266,[92.17826   35.964733   2.2833412  2.1575184 51.77267  ]
14,INTERMEDIATE,6,relu,relu,5,0.01,276,92.17613983154297,[92.17614   35.963936   2.283087   2.1567652 51.77233  ]
14,INTERMEDIATE,7,relu,relu,5,0.01,276,92.17369079589844,[92.17369   35.962658   2.2828448  2.15602   51.772118 ]
14,INTERMEDIATE,8,relu,relu,5,0.01,276,92.17122650146484,[92.17123   35.961647   2.2825904  2.1552696 51.771706 ]
14,INTERMEDIATE,9,relu,relu,5,0.01,276,92.16911315917969,[92.16911   35.960846   2.2823193  2.1545208 51.771397 ]
14,COMPLETED,9,relu,relu,5,0.01,276,92.16911315917969,[92.16911   35.960846   2.2823193  2.1545208 51.771397 ]
15,INTERMEDIATE,0,relu,relu,5,0.01,665,92.14623260498047,[92.14623  35.95173   2.279401  2.146397 51.76874 ]
15,INTERMEDIATE,1,relu,relu,5,0.01,665,92.14375305175781,[92.14375   35.9505     2.2792783  2.1457198 51.768322 ]
15,INTERMEDIATE,2,relu,relu,5,0.01,665,92.14183807373047,[92.14184   35.949764   2.2790456  2.1450307 51.767952 ]
15,INTERMEDIATE,3,relu,relu,5,0.01,665,92.14009857177734,[92.1401    35.94887    2.2788117  2.1443458 51.76812  ]
15,INTERMEDIATE,4,relu,relu,5,0.01,665,92.13822937011719,[92.13823   35.94806    2.2785761  2.1436715 51.767975 ]
15,INTERMEDIATE,5,relu,relu,5,0.01,665,92.13619995117188,[92.1362    35.94713    2.2783525  2.1430078 51.767803 ]
15,INTERMEDIATE,6,relu,relu,5,0.01,665,92.13433074951172,[92.13433   35.946217   2.2781327  2.1423433 51.76777  ]
15,INTERMEDIATE,7,relu,relu,5,0.01,665,92.1323471069336,[92.13235   35.945297   2.2779036  2.1416864 51.767612 ]
15,INTERMEDIATE,8,relu,relu,5,0.01,665,92.13011932373047,[92.13012   35.944145   2.2776794  2.141031  51.76734  ]
15,INTERMEDIATE,9,relu,relu,5,0.01,665,92.12815856933594,[92.12816   35.94322    2.2774487  2.1403754 51.76717  ]
15,COMPLETED,9,relu,relu,5,0.01,665,92.12815856933594,[92.12816   35.94322    2.2774487  2.1403754 51.76717  ]
16,INTERMEDIATE,0,relu,<function Exponential_Linear at 0x2b9f6e261620>,5,1e-07,1924,92.10843658447266,[92.10844   35.934143   2.2748961  2.1332116 51.76615  ]
16,INTERMEDIATE,1,relu,<function Exponential_Linear at 0x2b9f6e261620>,5,1e-07,1924,92.10453033447266,[92.10453   35.931744   2.2746918  2.1325755 51.76548  ]
16,INTERMEDIATE,2,relu,<function Exponential_Linear at 0x2b9f6e261620>,5,1e-07,1924,92.10295104980469,[92.10295   35.93116    2.274444   2.1319325 51.765465 ]
16,INTERMEDIATE,3,relu,<function Exponential_Linear at 0x2b9f6e261620>,5,1e-07,1924,92.10066986083984,[92.10067  35.92983   2.274202  2.131327 51.765347]
16,INTERMEDIATE,4,relu,<function Exponential_Linear at 0x2b9f6e261620>,5,1e-07,1924,92.0982666015625,[92.09827   35.92865    2.2740083  2.1307223 51.764843 ]
16,INTERMEDIATE,5,relu,<function Exponential_Linear at 0x2b9f6e261620>,5,1e-07,1924,92.09651947021484,[92.09652   35.92767    2.2737997  2.1301188 51.764885 ]
16,INTERMEDIATE,6,relu,<function Exponential_Linear at 0x2b9f6e261620>,5,1e-07,1924,92.0946044921875,[92.094604  35.926723   2.2735674  2.129513  51.76483  ]
16,INTERMEDIATE,7,relu,<function Exponential_Linear at 0x2b9f6e261620>,5,1e-07,1924,92.09295654296875,[92.09296   35.925983   2.2733603  2.1289299 51.76461  ]
16,INTERMEDIATE,8,relu,<function Exponential_Linear at 0x2b9f6e261620>,5,1e-07,1924,92.09127807617188,[92.09128   35.925095   2.2731476  2.128347  51.76453  ]
16,INTERMEDIATE,9,relu,<function Exponential_Linear at 0x2b9f6e261620>,5,1e-07,1924,92.08967590332031,[92.089676  35.924347   2.2729335  2.1277483 51.76445  ]
16,COMPLETED,9,relu,<function Exponential_Linear at 0x2b9f6e261620>,5,1e-07,1924,92.08967590332031,[92.089676  35.924347   2.2729335  2.1277483 51.76445  ]
17,INTERMEDIATE,0,tanh,<function Exponential_Linear at 0x2b9f6e261620>,5,1e-07,1963,92.06989288330078,[92.06989   35.915      2.270626   2.1212301 51.76306  ]
17,INTERMEDIATE,1,tanh,<function Exponential_Linear at 0x2b9f6e261620>,5,1e-07,1963,92.06864166259766,[92.06864   35.9146     2.2703695  2.1206238 51.763176 ]
17,INTERMEDIATE,2,tanh,<function Exponential_Linear at 0x2b9f6e261620>,5,1e-07,1963,92.0664291381836,[92.06643   35.913303   2.2702053  2.1200564 51.763046 ]
17,INTERMEDIATE,3,tanh,<function Exponential_Linear at 0x2b9f6e261620>,5,1e-07,1963,92.06415557861328,[92.064156  35.91179    2.2700446  2.1195254 51.76292  ]
17,INTERMEDIATE,4,tanh,<function Exponential_Linear at 0x2b9f6e261620>,5,1e-07,1963,92.06256866455078,[92.06257   35.91114    2.269845   2.1189566 51.762672 ]
17,INTERMEDIATE,5,tanh,<function Exponential_Linear at 0x2b9f6e261620>,5,1e-07,1963,92.06063079833984,[92.06063   35.909935   2.2696562  2.1183991 51.762634 ]
17,INTERMEDIATE,6,tanh,<function Exponential_Linear at 0x2b9f6e261620>,5,1e-07,1963,92.05876922607422,[92.05877  35.909008  2.269464  2.117831 51.762463]
17,INTERMEDIATE,7,tanh,<function Exponential_Linear at 0x2b9f6e261620>,5,1e-07,1963,92.05697631835938,[92.05698   35.908077   2.2692719  2.1172724 51.762398 ]
17,INTERMEDIATE,8,tanh,<function Exponential_Linear at 0x2b9f6e261620>,5,1e-07,1963,92.05509185791016,[92.05509   35.907032   2.2690709  2.1167169 51.762188 ]
17,INTERMEDIATE,9,tanh,<function Exponential_Linear at 0x2b9f6e261620>,5,1e-07,1963,92.05350494384766,[92.053505  35.906128   2.2688758  2.1161683 51.762177 ]
17,COMPLETED,9,tanh,<function Exponential_Linear at 0x2b9f6e261620>,5,1e-07,1963,92.05350494384766,[92.053505  35.906128   2.2688758  2.1161683 51.762177 ]
18,INTERMEDIATE,0,relu,relu,2,0.01,1944,92.03546905517578,[92.03547   35.89584    2.2667227  2.1101117 51.7628   ]
18,INTERMEDIATE,1,relu,relu,2,0.01,1944,92.03370666503906,[92.03371   35.895725   2.266477   2.1095765 51.761944 ]
18,INTERMEDIATE,2,relu,relu,2,0.01,1944,92.03104400634766,[92.031044  35.894104   2.2663486  2.1090958 51.761524 ]
18,INTERMEDIATE,3,relu,relu,2,0.01,1944,92.02875518798828,[92.028755  35.89301    2.2661653  2.1085649 51.76103  ]
18,INTERMEDIATE,4,relu,relu,2,0.01,1944,92.0268325805664,[92.02683   35.89194    2.2659965  2.1080518 51.760838 ]
18,INTERMEDIATE,5,relu,relu,2,0.01,1944,92.02532958984375,[92.02533   35.89106    2.2658098  2.1075327 51.76095  ]
18,INTERMEDIATE,6,relu,relu,2,0.01,1944,92.0234603881836,[92.02346   35.890038   2.2656388  2.1070251 51.760834 ]
18,INTERMEDIATE,7,relu,relu,2,0.01,1944,92.02154541015625,[92.021545  35.889046   2.265457   2.1065106 51.760696 ]
18,INTERMEDIATE,8,relu,relu,2,0.01,1944,92.01957702636719,[92.01958   35.88786    2.2652853  2.106007  51.760628 ]
18,INTERMEDIATE,9,relu,relu,2,0.01,1944,92.01773834228516,[92.01774   35.886845   2.2651107  2.1055014 51.760433 ]
18,COMPLETED,9,relu,relu,2,0.01,1944,92.01773834228516,[92.01774   35.886845   2.2651107  2.1055014 51.760433 ]
19,INTERMEDIATE,0,elu,<function Exponential_Linear at 0x2b9f6e261620>,5,1e-07,520,91.99866485595703,[91.998665  35.87584    2.2631357  2.0999115 51.759727 ]
19,INTERMEDIATE,1,elu,<function Exponential_Linear at 0x2b9f6e261620>,5,1e-07,520,91.99693298339844,[91.99693   35.875393   2.2629855  2.0994327 51.75906  ]
19,INTERMEDIATE,2,elu,<function Exponential_Linear at 0x2b9f6e261620>,5,1e-07,520,91.99442291259766,[91.99442   35.87371    2.2628393  2.0989692 51.75878  ]
19,INTERMEDIATE,3,elu,<function Exponential_Linear at 0x2b9f6e261620>,5,1e-07,520,91.992919921875,[91.99292   35.87271    2.2626896  2.0985043 51.758904 ]
19,INTERMEDIATE,4,elu,<function Exponential_Linear at 0x2b9f6e261620>,5,1e-07,520,91.99131774902344,[91.99132   35.871742   2.2625198  2.098015  51.75909  ]
19,INTERMEDIATE,5,elu,<function Exponential_Linear at 0x2b9f6e261620>,5,1e-07,520,91.99007415771484,[91.990074  35.871017   2.2623441  2.097535  51.75914  ]
19,INTERMEDIATE,6,elu,<function Exponential_Linear at 0x2b9f6e261620>,5,1e-07,520,91.98828125,[91.98828   35.86989    2.2621744  2.0970623 51.75905  ]
19,INTERMEDIATE,7,elu,<function Exponential_Linear at 0x2b9f6e261620>,5,1e-07,520,91.98648834228516,[91.98649   35.868668   2.2620277  2.0966108 51.758873 ]
19,INTERMEDIATE,8,elu,<function Exponential_Linear at 0x2b9f6e261620>,5,1e-07,520,91.98497009277344,[91.98497   35.8678     2.2618759  2.0961545 51.758846 ]
19,INTERMEDIATE,9,elu,<function Exponential_Linear at 0x2b9f6e261620>,5,1e-07,520,91.98328399658203,[91.983284  35.866787   2.26171    2.0956922 51.75873  ]
19,COMPLETED,9,elu,<function Exponential_Linear at 0x2b9f6e261620>,5,1e-07,520,91.98328399658203,[91.983284  35.866787   2.26171    2.0956922 51.75873  ]
20,INTERMEDIATE,0,elu,<function Exponential_Linear at 0x2b9f6e261620>,5,0.01,135,91.96517944335938,[91.96518  35.85596   2.259964  2.090647 51.758644]
20,INTERMEDIATE,1,elu,<function Exponential_Linear at 0x2b9f6e261620>,5,0.01,135,91.96356964111328,[91.96357   35.85506    2.2598188  2.0902042 51.758415 ]
20,INTERMEDIATE,2,elu,<function Exponential_Linear at 0x2b9f6e261620>,5,0.01,135,91.96202850341797,[91.96203  35.85439   2.259636  2.08976  51.758213]
20,INTERMEDIATE,3,elu,<function Exponential_Linear at 0x2b9f6e261620>,5,0.01,135,91.96016693115234,[91.96017   35.853268   2.259482   2.0893273 51.75806  ]
20,INTERMEDIATE,4,elu,<function Exponential_Linear at 0x2b9f6e261620>,5,0.01,135,91.95849609375,[91.958496  35.852142   2.2593367  2.0889144 51.757984 ]
20,INTERMEDIATE,5,elu,<function Exponential_Linear at 0x2b9f6e261620>,5,0.01,135,91.95690155029297,[91.9569    35.85103    2.2591941  2.0884986 51.758034 ]
20,INTERMEDIATE,6,elu,<function Exponential_Linear at 0x2b9f6e261620>,5,0.01,135,91.95502471923828,[91.955025  35.85011    2.2590232  2.0880592 51.75784  ]
20,INTERMEDIATE,7,elu,<function Exponential_Linear at 0x2b9f6e261620>,5,0.01,135,91.9532470703125,[91.95325   35.848877   2.2588823  2.087652  51.757767 ]
20,INTERMEDIATE,8,elu,<function Exponential_Linear at 0x2b9f6e261620>,5,0.01,135,91.95153045654297,[91.95153   35.84768    2.2587447  2.0872424 51.757713 ]
20,INTERMEDIATE,9,elu,<function Exponential_Linear at 0x2b9f6e261620>,5,0.01,135,91.94971466064453,[91.949715  35.846645   2.2585907  2.0868306 51.75754  ]
20,COMPLETED,9,elu,<function Exponential_Linear at 0x2b9f6e261620>,5,0.01,135,91.94971466064453,[91.949715  35.846645   2.2585907  2.0868306 51.75754  ]
21,INTERMEDIATE,0,relu,<function Exponential_Linear at 0x2b9f6e261620>,5,0.01,56,91.93108367919922,[91.93108   35.83525    2.2569754  2.0823958 51.756474 ]
21,INTERMEDIATE,1,relu,<function Exponential_Linear at 0x2b9f6e261620>,5,0.01,56,91.92999267578125,[91.92999   35.834305   2.2568545  2.0820045 51.7568   ]
21,INTERMEDIATE,2,relu,<function Exponential_Linear at 0x2b9f6e261620>,5,0.01,56,91.92801666259766,[91.92802   35.832893   2.2566988  2.0816    51.75675  ]
21,INTERMEDIATE,3,relu,<function Exponential_Linear at 0x2b9f6e261620>,5,0.01,56,91.92687225341797,[91.92687   35.83212    2.256549   2.0812135 51.756966 ]
21,INTERMEDIATE,4,relu,<function Exponential_Linear at 0x2b9f6e261620>,5,0.01,56,91.9251480102539,[91.92515   35.831116   2.2564178  2.0808296 51.75683  ]
21,INTERMEDIATE,5,relu,<function Exponential_Linear at 0x2b9f6e261620>,5,0.01,56,91.92365264892578,[91.92365   35.830154   2.2562594  2.0804255 51.756798 ]
21,INTERMEDIATE,6,relu,<function Exponential_Linear at 0x2b9f6e261620>,5,0.01,56,91.92223358154297,[91.92223   35.829407   2.2560794  2.080026  51.75683  ]
21,INTERMEDIATE,7,relu,<function Exponential_Linear at 0x2b9f6e261620>,5,0.01,56,91.92030334472656,[91.9203    35.828114   2.2559335  2.0796428 51.75679  ]
21,INTERMEDIATE,8,relu,<function Exponential_Linear at 0x2b9f6e261620>,5,0.01,56,91.918701171875,[91.9187    35.827152   2.2557995  2.0792603 51.756683 ]
21,INTERMEDIATE,9,relu,<function Exponential_Linear at 0x2b9f6e261620>,5,0.01,56,91.91709899902344,[91.9171    35.826004   2.2556696  2.078886  51.756763 ]
21,COMPLETED,9,relu,<function Exponential_Linear at 0x2b9f6e261620>,5,0.01,56,91.91709899902344,[91.9171    35.826004   2.2556696  2.078886  51.756763 ]
22,INTERMEDIATE,0,elu,relu,5,0.01,409,91.89885711669922,[91.89886   35.813793   2.2542026  2.0747437 51.756157 ]
22,INTERMEDIATE,1,elu,relu,5,0.01,409,91.89825439453125,[91.898254  35.81351    2.2540996  2.0743697 51.756187 ]
22,INTERMEDIATE,2,elu,relu,5,0.01,409,91.89706420898438,[91.897064  35.81246    2.2540028  2.0740452 51.756516 ]
22,INTERMEDIATE,3,elu,relu,5,0.01,409,91.89510345458984,[91.8951    35.811317   2.2538762  2.07369   51.7562   ]
22,INTERMEDIATE,4,elu,relu,5,0.01,409,91.8933334350586,[91.89333   35.810036   2.2537405  2.0733237 51.756165 ]
22,INTERMEDIATE,5,elu,relu,5,0.01,409,91.89181518554688,[91.891815  35.808968   2.2536068  2.072969  51.756138 ]
22,INTERMEDIATE,6,elu,relu,5,0.01,409,91.89009857177734,[91.8901    35.807938   2.2534716  2.0726178 51.756027 ]
22,INTERMEDIATE,7,elu,relu,5,0.01,409,91.88868713378906,[91.88869   35.807087   2.253334   2.0722566 51.75604  ]
22,INTERMEDIATE,8,elu,relu,5,0.01,409,91.88710021972656,[91.8871    35.805984   2.253211   2.0719092 51.756065 ]
22,INTERMEDIATE,9,elu,relu,5,0.01,409,91.8855972290039,[91.8856    35.804832   2.2530942  2.0715659 51.756004 ]
22,COMPLETED,9,elu,relu,5,0.01,409,91.8855972290039,[91.8856    35.804832   2.2530942  2.0715659 51.756004 ]
23,INTERMEDIATE,0,tanh,<function Exponential_Linear at 0x2b9f6e261620>,2,0.01,223,91.87004852294922,[91.87005   35.79451    2.2516596  2.0676987 51.756138 ]
23,INTERMEDIATE,1,tanh,<function Exponential_Linear at 0x2b9f6e261620>,2,0.01,223,91.86714935302734,[91.86715   35.792255   2.2515478  2.0673895 51.755833 ]
23,INTERMEDIATE,2,tanh,<function Exponential_Linear at 0x2b9f6e261620>,2,0.01,223,91.86480712890625,[91.86481   35.79062    2.2514393  2.0670676 51.755592 ]
23,INTERMEDIATE,3,tanh,<function Exponential_Linear at 0x2b9f6e261620>,2,0.01,223,91.86317443847656,[91.863174  35.789482   2.2513359  2.066756  51.755463 ]
23,INTERMEDIATE,4,tanh,<function Exponential_Linear at 0x2b9f6e261620>,2,0.01,223,91.86201477050781,[91.862015  35.788696   2.2512147  2.066421  51.755592 ]
23,INTERMEDIATE,5,tanh,<function Exponential_Linear at 0x2b9f6e261620>,2,0.01,223,91.86034393310547,[91.860344  35.787537   2.2510774  2.0660927 51.755585 ]
23,INTERMEDIATE,6,tanh,<function Exponential_Linear at 0x2b9f6e261620>,2,0.01,223,91.85868072509766,[91.85868   35.786415   2.2509482  2.0657606 51.755615 ]
23,INTERMEDIATE,7,tanh,<function Exponential_Linear at 0x2b9f6e261620>,2,0.01,223,91.85697937011719,[91.85698   35.7852     2.2508361  2.0654347 51.75553  ]
23,INTERMEDIATE,8,tanh,<function Exponential_Linear at 0x2b9f6e261620>,2,0.01,223,91.85533142089844,[91.85533   35.78397    2.2507167  2.0651066 51.755478 ]
23,INTERMEDIATE,9,tanh,<function Exponential_Linear at 0x2b9f6e261620>,2,0.01,223,91.85368347167969,[91.85368   35.78283    2.2506084  2.0647864 51.755493 ]
23,COMPLETED,9,tanh,<function Exponential_Linear at 0x2b9f6e261620>,2,0.01,223,91.85368347167969,[91.85368   35.78283    2.2506084  2.0647864 51.755493 ]
24,INTERMEDIATE,0,relu,relu,5,1e-07,688,91.83528900146484,[91.83529   35.76853    2.2493815  2.0613422 51.756073 ]
24,INTERMEDIATE,1,relu,relu,5,1e-07,688,91.83414459228516,[91.834145  35.767708   2.2492762  2.0610235 51.756073 ]
24,INTERMEDIATE,2,relu,relu,5,1e-07,688,91.83263397216797,[91.832634  35.76697    2.24916    2.0607078 51.75585  ]
24,INTERMEDIATE,3,relu,relu,5,1e-07,688,91.83147430419922,[91.831474  35.766285   2.2490537  2.0604017 51.755775 ]
24,INTERMEDIATE,4,relu,relu,5,1e-07,688,91.830078125,[91.83008   35.76553    2.2489395  2.0600867 51.755608 ]
24,INTERMEDIATE,5,relu,relu,5,1e-07,688,91.82843017578125,[91.82843   35.764347   2.2488327  2.0597825 51.755474 ]
24,INTERMEDIATE,6,relu,relu,5,1e-07,688,91.82682037353516,[91.82682   35.763172   2.2487237  2.0594735 51.755455 ]
24,INTERMEDIATE,7,relu,relu,5,1e-07,688,91.82511901855469,[91.82512   35.762016   2.2486053  2.0591602 51.755432 ]
24,INTERMEDIATE,8,relu,relu,5,1e-07,688,91.82341003417969,[91.82341   35.760777   2.2484775  2.058839  51.755398 ]
24,INTERMEDIATE,9,relu,relu,5,1e-07,688,91.82186889648438,[91.82187   35.75965    2.2483637  2.0585258 51.75539  ]
24,COMPLETED,9,relu,relu,5,1e-07,688,91.82186889648438,[91.82187   35.75965    2.2483637  2.0585258 51.75539  ]
25,INTERMEDIATE,0,elu,relu,5,1e-07,1594,91.80511474609375,[91.805115  35.747272   2.2471812  2.0552447 51.755375 ]
25,INTERMEDIATE,1,elu,relu,5,1e-07,1594,91.80357360839844,[91.80357   35.746483   2.2470503  2.0549517 51.755085 ]
25,INTERMEDIATE,2,elu,relu,5,1e-07,1594,91.80245208740234,[91.80245   35.745834   2.2469542  2.054668  51.755085 ]
25,INTERMEDIATE,3,elu,relu,5,1e-07,1594,91.80049133300781,[91.80049   35.74444    2.2468598  2.0543873 51.75488  ]
25,INTERMEDIATE,4,elu,relu,5,1e-07,1594,91.79875183105469,[91.79875   35.74315    2.2467713  2.0541222 51.754765 ]
25,INTERMEDIATE,5,elu,relu,5,1e-07,1594,91.79727172851562,[91.79727  35.7419    2.246676  2.053848 51.75488 ]
25,INTERMEDIATE,6,elu,relu,5,1e-07,1594,91.7958755493164,[91.795876  35.7409     2.246577   2.0535724 51.754906 ]
25,INTERMEDIATE,7,elu,relu,5,1e-07,1594,91.79444122314453,[91.79444   35.739838   2.2464707  2.0532887 51.754883 ]
25,INTERMEDIATE,8,elu,relu,5,1e-07,1594,91.79268646240234,[91.79269   35.73851    2.2463794  2.053018  51.75485  ]
25,INTERMEDIATE,9,elu,relu,5,1e-07,1594,91.7909927368164,[91.79099   35.737232   2.2462804  2.052746  51.75481  ]
25,COMPLETED,9,elu,relu,5,1e-07,1594,91.7909927368164,[91.79099   35.737232   2.2462804  2.052746  51.75481  ]
26,INTERMEDIATE,0,elu,relu,2,0.01,328,91.77147674560547,[91.77148   35.723064   2.2451394  2.0497487 51.753567 ]
26,INTERMEDIATE,1,elu,relu,2,0.01,328,91.76968383789062,[91.769684  35.720585   2.2450843  2.0495086 51.75454  ]
26,INTERMEDIATE,2,elu,relu,2,0.01,328,91.76890563964844,[91.768906  35.72014    2.244977   2.0492468 51.75457  ]
26,INTERMEDIATE,3,elu,relu,2,0.01,328,91.76765441894531,[91.767654  35.719215   2.2448702  2.048985  51.754635 ]
26,INTERMEDIATE,4,elu,relu,2,0.01,328,91.76593780517578,[91.76594   35.717857   2.244795   2.0487356 51.75462  ]
26,INTERMEDIATE,5,elu,relu,2,0.01,328,91.76448059082031,[91.76448   35.716652   2.2446835  2.0484798 51.754704 ]
26,INTERMEDIATE,6,elu,relu,2,0.01,328,91.76322937011719,[91.76323   35.715683   2.2445831  2.048219  51.75474  ]
26,INTERMEDIATE,7,elu,relu,2,0.01,328,91.76153564453125,[91.761536 35.7145    2.244476  2.04796  51.75467 ]
26,INTERMEDIATE,8,elu,relu,2,0.01,328,91.75975799560547,[91.75976   35.71319    2.2443864  2.0477142 51.754578 ]
26,INTERMEDIATE,9,elu,relu,2,0.01,328,91.75829315185547,[91.75829   35.71201    2.2442887  2.047462  51.754456 ]
26,COMPLETED,9,elu,relu,2,0.01,328,91.75829315185547,[91.75829   35.71201    2.2442887  2.047462  51.754456 ]
27,INTERMEDIATE,0,tanh,relu,5,0.01,494,91.7417221069336,[91.74172  35.69971   2.243157  2.044634 51.754272]
27,INTERMEDIATE,1,tanh,relu,5,0.01,494,91.73992156982422,[91.73992   35.698353   2.2430985  2.044444  51.754204 ]
27,INTERMEDIATE,2,tanh,relu,5,0.01,494,91.73841857910156,[91.73842   35.69683    2.2430098  2.0442274 51.754406 ]
27,INTERMEDIATE,3,tanh,relu,5,0.01,494,91.73677062988281,[91.73677   35.695576   2.2429235  2.0439985 51.754295 ]
27,INTERMEDIATE,4,tanh,relu,5,0.01,494,91.73535919189453,[91.73536   35.694374   2.2428296  2.0437722 51.754333 ]
27,INTERMEDIATE,5,tanh,relu,5,0.01,494,91.733642578125,[91.73364   35.692993   2.242744   2.0435562 51.75436  ]
27,INTERMEDIATE,6,tanh,relu,5,0.01,494,91.73188781738281,[91.73189   35.69162    2.2426574  2.0433292 51.754326 ]
27,INTERMEDIATE,7,tanh,relu,5,0.01,494,91.73021697998047,[91.73022   35.690266   2.2425666  2.0431046 51.754257 ]
27,INTERMEDIATE,8,tanh,relu,5,0.01,494,91.72859191894531,[91.72859   35.689034   2.2424765  2.0428827 51.75428  ]
27,INTERMEDIATE,9,tanh,relu,5,0.01,494,91.72687530517578,[91.726875  35.687687   2.2423818  2.0426574 51.75425  ]
27,COMPLETED,9,tanh,relu,5,0.01,494,91.72687530517578,[91.726875  35.687687   2.2423818  2.0426574 51.75425  ]
28,INTERMEDIATE,0,relu,<function Exponential_Linear at 0x2b9f6e261620>,2,1e-07,31,91.7091064453125,[91.70911   35.673725   2.2413218  2.0401256 51.753906 ]
28,INTERMEDIATE,1,relu,<function Exponential_Linear at 0x2b9f6e261620>,2,1e-07,31,91.70821380615234,[91.70821   35.67321    2.2412112  2.039916  51.75376  ]
28,INTERMEDIATE,2,relu,<function Exponential_Linear at 0x2b9f6e261620>,2,1e-07,31,91.7065200805664,[91.70652   35.671646   2.2411494  2.039725  51.75408  ]
28,INTERMEDIATE,3,relu,<function Exponential_Linear at 0x2b9f6e261620>,2,1e-07,31,91.70460510253906,[91.704605  35.669956   2.2410693  2.0395267 51.75411  ]
28,INTERMEDIATE,4,relu,<function Exponential_Linear at 0x2b9f6e261620>,2,1e-07,31,91.70252227783203,[91.70252   35.668247   2.2409968  2.0393286 51.753986 ]
28,INTERMEDIATE,5,relu,<function Exponential_Linear at 0x2b9f6e261620>,2,1e-07,31,91.70094299316406,[91.70094   35.66697    2.2409086  2.0391169 51.75397  ]
28,INTERMEDIATE,6,relu,<function Exponential_Linear at 0x2b9f6e261620>,2,1e-07,31,91.69939422607422,[91.699394  35.665714   2.2408135  2.0389025 51.75392  ]
28,INTERMEDIATE,7,relu,<function Exponential_Linear at 0x2b9f6e261620>,2,1e-07,31,91.69773864746094,[91.69774   35.66434    2.2407248  2.0386994 51.753956 ]
28,INTERMEDIATE,8,relu,<function Exponential_Linear at 0x2b9f6e261620>,2,1e-07,31,91.69609832763672,[91.6961    35.662983   2.2406363  2.038496  51.753975 ]
28,INTERMEDIATE,9,relu,<function Exponential_Linear at 0x2b9f6e261620>,2,1e-07,31,91.69459533691406,[91.694595  35.661736   2.2405474  2.0382907 51.754    ]
28,COMPLETED,9,relu,<function Exponential_Linear at 0x2b9f6e261620>,2,1e-07,31,91.69459533691406,[91.694595  35.661736   2.2405474  2.0382907 51.754    ]
29,INTERMEDIATE,0,relu,relu,2,0.01,162,91.67739868164062,[91.6774    35.647152   2.2397008  2.0361161 51.75446  ]
29,INTERMEDIATE,1,relu,relu,2,0.01,162,91.67608642578125,[91.67609   35.646133   2.2395744  2.0358675 51.754528 ]
29,INTERMEDIATE,2,relu,relu,2,0.01,162,91.67437744140625,[91.67438   35.644802   2.2394235  2.0356288 51.75448  ]
29,INTERMEDIATE,3,relu,relu,2,0.01,162,91.67301940917969,[91.67302  35.643875  2.239297  2.035402 51.754345]
29,INTERMEDIATE,4,relu,relu,2,0.01,162,91.67113494873047,[91.671135  35.642532   2.2392063  2.035211  51.754208 ]
29,INTERMEDIATE,5,relu,relu,2,0.01,162,91.66934967041016,[91.66935   35.64118    2.239117   2.0350132 51.754116 ]
29,INTERMEDIATE,6,relu,relu,2,0.01,162,91.66747283935547,[91.66747   35.63959    2.239037   2.0348253 51.754078 ]
29,INTERMEDIATE,7,relu,relu,2,0.01,162,91.66565704345703,[91.66566   35.638145   2.238957   2.0346336 51.75405  ]
29,INTERMEDIATE,8,relu,relu,2,0.01,162,91.66398620605469,[91.66399   35.636738   2.238877   2.0344388 51.753944 ]
29,INTERMEDIATE,9,relu,relu,2,0.01,162,91.66227722167969,[91.66228   35.63525    2.2388005  2.034254  51.75386  ]
29,COMPLETED,9,relu,relu,2,0.01,162,91.66227722167969,[91.66228   35.63525    2.2388005  2.034254  51.75386  ]
30,INTERMEDIATE,0,relu,relu,2,1e-07,2000,91.64421081542969,[91.64421   35.620064   2.2379324  2.0322087 51.754013 ]
30,INTERMEDIATE,1,relu,relu,2,1e-07,2000,91.64189910888672,[91.6419    35.618008   2.2378561  2.0320196 51.75413  ]
30,INTERMEDIATE,2,relu,relu,2,1e-07,2000,91.63990783691406,[91.63991   35.61646    2.2377727  2.0318463 51.75401  ]
30,INTERMEDIATE,3,relu,relu,2,1e-07,2000,91.63803100585938,[91.63803   35.615185   2.2376645  2.0316408 51.753788 ]
30,INTERMEDIATE,4,relu,relu,2,1e-07,2000,91.63629913330078,[91.6363    35.613678   2.2375898  2.031462  51.75372  ]
30,INTERMEDIATE,5,relu,relu,2,1e-07,2000,91.63467407226562,[91.634674  35.612255   2.2375085  2.0312784 51.753765 ]
30,INTERMEDIATE,6,relu,relu,2,1e-07,2000,91.6331558227539,[91.633156  35.611015   2.2374094  2.0310915 51.753708 ]
30,INTERMEDIATE,7,relu,relu,2,1e-07,2000,91.63152313232422,[91.63152   35.609688   2.2373173  2.0309017 51.753624 ]
30,INTERMEDIATE,8,relu,relu,2,1e-07,2000,91.6297378540039,[91.62974   35.60806    2.2372353  2.0307188 51.753654 ]
30,INTERMEDIATE,9,relu,relu,2,1e-07,2000,91.62794494628906,[91.627945  35.60668    2.2371385  2.0305364 51.753677 ]
30,COMPLETED,9,relu,relu,2,1e-07,2000,91.62794494628906,[91.627945  35.60668    2.2371385  2.0305364 51.753677 ]
31,INTERMEDIATE,0,elu,relu,5,1e-07,1574,91.61016845703125,[91.61017   35.591415   2.236229   2.0285828 51.753883 ]
31,INTERMEDIATE,1,elu,relu,5,1e-07,1574,91.60720825195312,[91.60721   35.588917   2.2361124  2.0284238 51.753754 ]
31,INTERMEDIATE,2,elu,relu,5,1e-07,1574,91.60565185546875,[91.60565   35.587875   2.2360287  2.0282357 51.753624 ]
31,INTERMEDIATE,3,elu,relu,5,1e-07,1574,91.60438537597656,[91.604385 35.58693   2.2359    2.028037 51.75354 ]
31,INTERMEDIATE,4,elu,relu,5,1e-07,1574,91.6028060913086,[91.602806  35.585384   2.2358434  2.0278745 51.753662 ]
31,INTERMEDIATE,5,elu,relu,5,1e-07,1574,91.60079956054688,[91.6008    35.583664   2.2357612  2.0277102 51.753696 ]
31,INTERMEDIATE,6,elu,relu,5,1e-07,1574,91.59921264648438,[91.59921  35.58232   2.235663  2.027539 51.753674]
31,INTERMEDIATE,7,elu,relu,5,1e-07,1574,91.59750366210938,[91.5975    35.580856   2.235574   2.0273654 51.75366  ]
31,INTERMEDIATE,8,elu,relu,5,1e-07,1574,91.59585571289062,[91.595856  35.57941    2.2354946  2.027206  51.75366  ]
31,INTERMEDIATE,9,elu,relu,5,1e-07,1574,91.59381866455078,[91.59382   35.577667   2.2354279  2.0270545 51.75359  ]
31,COMPLETED,9,elu,relu,5,1e-07,1574,91.59381866455078,[91.59382   35.577667   2.2354279  2.0270545 51.75359  ]
32,INTERMEDIATE,0,elu,relu,2,0.01,40,91.57412719726562,[91.57413   35.561085   2.234523   2.0252168 51.753212 ]
32,INTERMEDIATE,1,elu,relu,2,0.01,40,91.57169342041016,[91.57169   35.558685   2.2345064  2.0251355 51.75324  ]
32,INTERMEDIATE,2,elu,relu,2,0.01,40,91.57035827636719,[91.57036   35.55738    2.2344131  2.0249763 51.753475 ]
32,INTERMEDIATE,3,elu,relu,2,0.01,40,91.56895446777344,[91.568954  35.55635    2.2343163  2.0248117 51.7534   ]
32,INTERMEDIATE,4,elu,relu,2,0.01,40,91.5671615600586,[91.56716   35.55469    2.2342274  2.0246513 51.75349  ]
32,INTERMEDIATE,5,elu,relu,2,0.01,40,91.56536865234375,[91.56537   35.553036   2.2341502  2.0245092 51.753605 ]
32,INTERMEDIATE,6,elu,relu,2,0.01,40,91.5636215209961,[91.56362   35.55163    2.234052   2.0243483 51.753574 ]
32,INTERMEDIATE,7,elu,relu,2,0.01,40,91.56211853027344,[91.56212   35.550224   2.233967   2.0241995 51.75348  ]
32,INTERMEDIATE,8,elu,relu,2,0.01,40,91.56043243408203,[91.56043   35.54872    2.2338846  2.0240433 51.753464 ]
32,INTERMEDIATE,9,elu,relu,2,0.01,40,91.55847930908203,[91.55848   35.547153   2.2337978  2.0238926 51.75351  ]
32,COMPLETED,9,elu,relu,2,0.01,40,91.55847930908203,[91.55848   35.547153   2.2337978  2.0238926 51.75351  ]
33,INTERMEDIATE,0,tanh,relu,2,1e-07,1583,91.54006958007812,[91.54007   35.531864   2.232794   2.0221653 51.753307 ]
33,INTERMEDIATE,1,tanh,relu,2,1e-07,1583,91.53807830810547,[91.53808  35.529495  2.232791  2.022089 51.753662]
33,INTERMEDIATE,2,tanh,relu,2,1e-07,1583,91.53630828857422,[91.53631   35.528214   2.2326803  2.0219398 51.7535   ]
33,INTERMEDIATE,3,tanh,relu,2,1e-07,1583,91.53428649902344,[91.53429   35.52647    2.232598   2.0218096 51.75347  ]
33,INTERMEDIATE,4,tanh,relu,2,1e-07,1583,91.5322036743164,[91.5322    35.524673   2.2325034  2.021669  51.753468 ]
33,INTERMEDIATE,5,tanh,relu,2,1e-07,1583,91.53058624267578,[91.53059  35.52321   2.232432  2.021536 51.75357 ]
33,INTERMEDIATE,6,tanh,relu,2,1e-07,1583,91.52906036376953,[91.52906   35.52187    2.2323456  2.0213997 51.753536 ]
33,INTERMEDIATE,7,tanh,relu,2,1e-07,1583,91.52726745605469,[91.52727   35.520252   2.2322602  2.0212603 51.753563 ]
33,INTERMEDIATE,8,tanh,relu,2,1e-07,1583,91.52543640136719,[91.52544   35.518692   2.2321784  2.0211275 51.75349  ]
33,INTERMEDIATE,9,tanh,relu,2,1e-07,1583,91.52346801757812,[91.52347   35.51696    2.232101   2.0209997 51.753506 ]
33,COMPLETED,9,tanh,relu,2,1e-07,1583,91.52346801757812,[91.52347   35.51696    2.232101   2.0209997 51.753506 ]
34,INTERMEDIATE,0,tanh,relu,2,1e-07,1936,91.50365447998047,[91.503654  35.49882    2.2311957  2.0195196 51.75411  ]
34,INTERMEDIATE,1,tanh,relu,2,1e-07,1936,91.50103759765625,[91.50104   35.497017   2.2310822  2.019433  51.75358  ]
34,INTERMEDIATE,2,tanh,relu,2,1e-07,1936,91.49978637695312,[91.49979  35.495605  2.231047  2.01932  51.7538  ]
34,INTERMEDIATE,3,tanh,relu,2,1e-07,1936,91.49786376953125,[91.49786   35.493973   2.2309978  2.0191932 51.75372  ]
34,INTERMEDIATE,4,tanh,relu,2,1e-07,1936,91.49581146240234,[91.49581   35.49222    2.2309377  2.0190706 51.753605 ]
34,INTERMEDIATE,5,tanh,relu,2,1e-07,1936,91.493896484375,[91.4939    35.490513   2.2308657  2.0189457 51.75363  ]
34,INTERMEDIATE,6,tanh,relu,2,1e-07,1936,91.49188995361328,[91.49189   35.488773   2.2307906  2.0188153 51.753563 ]
34,INTERMEDIATE,7,tanh,relu,2,1e-07,1936,91.48992156982422,[91.48992   35.48706    2.2307043  2.0186834 51.75345  ]
34,INTERMEDIATE,8,tanh,relu,2,1e-07,1936,91.48809814453125,[91.4881    35.485615   2.2306163  2.0185564 51.753345 ]
34,INTERMEDIATE,9,tanh,relu,2,1e-07,1936,91.48619842529297,[91.4862    35.483887   2.2305462  2.0184371 51.75341  ]
34,COMPLETED,9,tanh,relu,2,1e-07,1936,91.48619842529297,[91.4862    35.483887   2.2305462  2.0184371 51.75341  ]
35,INTERMEDIATE,0,elu,<function Exponential_Linear at 0x2b9f6e261620>,2,1e-07,283,91.46604919433594,[91.46605   35.46517    2.229671   2.0170922 51.754086 ]
35,INTERMEDIATE,1,elu,<function Exponential_Linear at 0x2b9f6e261620>,2,1e-07,283,91.46428680419922,[91.46429   35.46383    2.229611   2.0169632 51.753918 ]
35,INTERMEDIATE,2,elu,<function Exponential_Linear at 0x2b9f6e261620>,2,1e-07,283,91.46208953857422,[91.46209   35.461952   2.229524   2.0168393 51.753796 ]
35,INTERMEDIATE,3,elu,<function Exponential_Linear at 0x2b9f6e261620>,2,1e-07,283,91.45970153808594,[91.4597    35.459957   2.2294872  2.0167482 51.753532 ]
35,INTERMEDIATE,4,elu,<function Exponential_Linear at 0x2b9f6e261620>,2,1e-07,283,91.45819854736328,[91.4582    35.4586     2.229401   2.0166326 51.75366  ]
35,INTERMEDIATE,5,elu,<function Exponential_Linear at 0x2b9f6e261620>,2,1e-07,283,91.45623016357422,[91.45623   35.45677    2.2293177  2.0165164 51.753654 ]
35,INTERMEDIATE,6,elu,<function Exponential_Linear at 0x2b9f6e261620>,2,1e-07,283,91.45417785644531,[91.45418   35.45508    2.229227   2.0163913 51.753582 ]
35,INTERMEDIATE,7,elu,<function Exponential_Linear at 0x2b9f6e261620>,2,1e-07,283,91.4524154663086,[91.452415  35.453506   2.2291348  2.016265  51.753647 ]
35,INTERMEDIATE,8,elu,<function Exponential_Linear at 0x2b9f6e261620>,2,1e-07,283,91.4505386352539,[91.45054   35.451794   2.2290568  2.0161488 51.753567 ]
35,INTERMEDIATE,9,elu,<function Exponential_Linear at 0x2b9f6e261620>,2,1e-07,283,91.44860076904297,[91.4486    35.45018    2.228976   2.0160286 51.753567 ]
35,COMPLETED,9,elu,<function Exponential_Linear at 0x2b9f6e261620>,2,1e-07,283,91.44860076904297,[91.4486    35.45018    2.228976   2.0160286 51.753567 ]
36,INTERMEDIATE,0,tanh,<function Exponential_Linear at 0x2b9f6e261620>,5,0.01,691,91.42713165283203,[91.42713   35.431213   2.2280939  2.0147443 51.753166 ]
36,INTERMEDIATE,1,tanh,<function Exponential_Linear at 0x2b9f6e261620>,5,0.01,691,91.42504119873047,[91.42504   35.429214   2.2279952  2.0146394 51.75324  ]
36,INTERMEDIATE,2,tanh,<function Exponential_Linear at 0x2b9f6e261620>,5,0.01,691,91.42293548583984,[91.422935  35.42739    2.2279491  2.0145473 51.753105 ]
36,INTERMEDIATE,3,tanh,<function Exponential_Linear at 0x2b9f6e261620>,5,0.01,691,91.42069244384766,[91.42069   35.425232   2.2278829  2.0144482 51.75313  ]
36,INTERMEDIATE,4,tanh,<function Exponential_Linear at 0x2b9f6e261620>,5,0.01,691,91.41890716552734,[91.41891   35.42353    2.2278097  2.0143392 51.75325  ]
36,INTERMEDIATE,5,tanh,<function Exponential_Linear at 0x2b9f6e261620>,5,0.01,691,91.41718292236328,[91.41718   35.421864   2.2277405  2.014245  51.75336  ]
36,INTERMEDIATE,6,tanh,<function Exponential_Linear at 0x2b9f6e261620>,5,0.01,691,91.41519165039062,[91.41519   35.42018    2.2276657  2.0141308 51.753334 ]
36,INTERMEDIATE,7,tanh,<function Exponential_Linear at 0x2b9f6e261620>,5,0.01,691,91.41307830810547,[91.41308   35.41817    2.2275877  2.01403   51.753353 ]
36,INTERMEDIATE,8,tanh,<function Exponential_Linear at 0x2b9f6e261620>,5,0.01,691,91.41104888916016,[91.41105   35.416344   2.2275186  2.0139246 51.75336  ]
36,INTERMEDIATE,9,tanh,<function Exponential_Linear at 0x2b9f6e261620>,5,0.01,691,91.40909576416016,[91.409096  35.414635   2.2274463  2.0138187 51.753296 ]
36,COMPLETED,9,tanh,<function Exponential_Linear at 0x2b9f6e261620>,5,0.01,691,91.40909576416016,[91.409096  35.414635   2.2274463  2.0138187 51.753296 ]
37,INTERMEDIATE,0,tanh,<function Exponential_Linear at 0x2b9f6e261620>,5,0.01,542,91.38713073730469,[91.38713   35.394146   2.2266536  2.012598  51.753696 ]
37,INTERMEDIATE,1,tanh,<function Exponential_Linear at 0x2b9f6e261620>,5,0.01,542,91.38578796386719,[91.38579   35.392834   2.2265792  2.012535  51.753704 ]
37,INTERMEDIATE,2,tanh,<function Exponential_Linear at 0x2b9f6e261620>,5,0.01,542,91.38323211669922,[91.38323   35.39086    2.2265077  2.0124395 51.753395 ]
37,INTERMEDIATE,3,tanh,<function Exponential_Linear at 0x2b9f6e261620>,5,0.01,542,91.38146209716797,[91.38146   35.389275   2.226426   2.0123363 51.753403 ]
37,INTERMEDIATE,4,tanh,<function Exponential_Linear at 0x2b9f6e261620>,5,0.01,542,91.37940979003906,[91.37941   35.387394   2.2263546  2.0122411 51.753384 ]
37,INTERMEDIATE,5,tanh,<function Exponential_Linear at 0x2b9f6e261620>,5,0.01,542,91.376953125,[91.37695   35.385296   2.2262871  2.0121481 51.753357 ]
37,INTERMEDIATE,6,tanh,<function Exponential_Linear at 0x2b9f6e261620>,5,0.01,542,91.37477111816406,[91.37477   35.383327   2.2262216  2.0120595 51.753365 ]
37,INTERMEDIATE,7,tanh,<function Exponential_Linear at 0x2b9f6e261620>,5,0.01,542,91.37290954589844,[91.37291   35.381577   2.2261455  2.0119634 51.75341  ]
37,INTERMEDIATE,8,tanh,<function Exponential_Linear at 0x2b9f6e261620>,5,0.01,542,91.37120819091797,[91.37121   35.37989    2.2260618  2.0118537 51.75337  ]
37,INTERMEDIATE,9,tanh,<function Exponential_Linear at 0x2b9f6e261620>,5,0.01,542,91.36931610107422,[91.369316  35.378223   2.2259822  2.011757  51.753387 ]
37,COMPLETED,9,tanh,<function Exponential_Linear at 0x2b9f6e261620>,5,0.01,542,91.36931610107422,[91.369316  35.378223   2.2259822  2.011757  51.753387 ]
38,INTERMEDIATE,0,relu,<function Exponential_Linear at 0x2b9f6e261620>,2,0.01,385,91.34662628173828,[91.34663   35.357513   2.2252092  2.0107124 51.753197 ]
38,INTERMEDIATE,1,relu,<function Exponential_Linear at 0x2b9f6e261620>,2,0.01,385,91.34406280517578,[91.34406   35.35533    2.2251396  2.0106208 51.753048 ]
38,INTERMEDIATE,2,relu,<function Exponential_Linear at 0x2b9f6e261620>,2,0.01,385,91.34220886230469,[91.34221  35.3537    2.225018  2.010495 51.75309 ]
38,INTERMEDIATE,3,relu,<function Exponential_Linear at 0x2b9f6e261620>,2,0.01,385,91.33989715576172,[91.3399    35.351585   2.2249382  2.0104063 51.753105 ]
38,INTERMEDIATE,4,relu,<function Exponential_Linear at 0x2b9f6e261620>,2,0.01,385,91.3375473022461,[91.33755   35.34933    2.2248745  2.0103152 51.753143 ]
38,INTERMEDIATE,5,relu,<function Exponential_Linear at 0x2b9f6e261620>,2,0.01,385,91.33544158935547,[91.33544   35.34735    2.2247996  2.0102239 51.7531   ]
38,INTERMEDIATE,6,relu,<function Exponential_Linear at 0x2b9f6e261620>,2,0.01,385,91.3332290649414,[91.33323   35.34524    2.2247405  2.010142  51.75308  ]
38,INTERMEDIATE,7,relu,<function Exponential_Linear at 0x2b9f6e261620>,2,0.01,385,91.33118438720703,[91.331184  35.3433     2.2246666  2.0100522 51.753082 ]
38,INTERMEDIATE,8,relu,<function Exponential_Linear at 0x2b9f6e261620>,2,0.01,385,91.32902526855469,[91.329025  35.341366   2.2245831  2.009957  51.75312  ]
38,INTERMEDIATE,9,relu,<function Exponential_Linear at 0x2b9f6e261620>,2,0.01,385,91.326904296875,[91.326904  35.339375   2.224506   2.0098624 51.753197 ]
38,COMPLETED,9,relu,<function Exponential_Linear at 0x2b9f6e261620>,2,0.01,385,91.326904296875,[91.326904  35.339375   2.224506   2.0098624 51.753197 ]
39,INTERMEDIATE,0,elu,relu,5,1e-07,1942,91.30332946777344,[91.30333   35.317715   2.2236848  2.0088956 51.753117 ]
39,INTERMEDIATE,1,elu,relu,5,1e-07,1942,91.30000305175781,[91.3       35.31491    2.223649   2.0088365 51.75266  ]
39,INTERMEDIATE,2,elu,relu,5,1e-07,1942,91.29852294921875,[91.29852   35.31367    2.22356    2.0087101 51.752666 ]
39,INTERMEDIATE,3,elu,relu,5,1e-07,1942,91.29635620117188,[91.29636   35.31154    2.2234828  2.0086296 51.75274  ]
39,INTERMEDIATE,4,elu,relu,5,1e-07,1942,91.29431915283203,[91.29432   35.309544   2.2234046  2.0085375 51.752884 ]
39,INTERMEDIATE,5,elu,relu,5,1e-07,1942,91.29234313964844,[91.29234   35.307682   2.2233353  2.0084553 51.752945 ]
39,INTERMEDIATE,6,elu,relu,5,1e-07,1942,91.29022979736328,[91.29023   35.30575    2.2232563  2.008368  51.752945 ]
39,INTERMEDIATE,7,elu,relu,5,1e-07,1942,91.28813934326172,[91.28814   35.303722   2.2231886  2.0082927 51.752934 ]
39,INTERMEDIATE,8,elu,relu,5,1e-07,1942,91.28587341308594,[91.28587   35.301693   2.2231145  2.0082092 51.75296  ]
39,INTERMEDIATE,9,elu,relu,5,1e-07,1942,91.28362274169922,[91.28362   35.29948    2.2230291  2.0081224 51.752956 ]
39,COMPLETED,9,elu,relu,5,1e-07,1942,91.28362274169922,[91.28362   35.29948    2.2230291  2.0081224 51.752956 ]
40,INTERMEDIATE,0,tanh,<function Exponential_Linear at 0x2b9f6e261620>,2,0.01,302,91.25794982910156,[91.25795   35.275597   2.2222686  2.0072384 51.752846 ]
40,INTERMEDIATE,1,tanh,<function Exponential_Linear at 0x2b9f6e261620>,2,0.01,302,91.25652313232422,[91.25652   35.27416    2.2221677  2.007164  51.753117 ]
40,INTERMEDIATE,2,tanh,<function Exponential_Linear at 0x2b9f6e261620>,2,0.01,302,91.25450134277344,[91.2545    35.272045   2.222109   2.0071087 51.753284 ]
40,INTERMEDIATE,3,tanh,<function Exponential_Linear at 0x2b9f6e261620>,2,0.01,302,91.25212860107422,[91.25213   35.26981    2.2220411  2.0070295 51.753258 ]
40,INTERMEDIATE,4,tanh,<function Exponential_Linear at 0x2b9f6e261620>,2,0.01,302,91.24979400634766,[91.249794  35.267704   2.2219625  2.00695   51.75321  ]
40,INTERMEDIATE,5,tanh,<function Exponential_Linear at 0x2b9f6e261620>,2,0.01,302,91.24737548828125,[91.247375  35.265385   2.2218897  2.0068812 51.753235 ]
40,INTERMEDIATE,6,tanh,<function Exponential_Linear at 0x2b9f6e261620>,2,0.01,302,91.24505615234375,[91.245056  35.26326    2.2218082  2.0067923 51.75325  ]
40,INTERMEDIATE,7,tanh,<function Exponential_Linear at 0x2b9f6e261620>,2,0.01,302,91.24275207519531,[91.24275   35.261078   2.2217329  2.0067203 51.753128 ]
40,INTERMEDIATE,8,tanh,<function Exponential_Linear at 0x2b9f6e261620>,2,0.01,302,91.24044799804688,[91.24045   35.258907   2.221658   2.0066507 51.753124 ]
40,INTERMEDIATE,9,tanh,<function Exponential_Linear at 0x2b9f6e261620>,2,0.01,302,91.23817443847656,[91.238174  35.25676    2.2215834  2.0065854 51.75317  ]
40,COMPLETED,9,tanh,<function Exponential_Linear at 0x2b9f6e261620>,2,0.01,302,91.23817443847656,[91.238174  35.25676    2.2215834  2.0065854 51.75317  ]
41,INTERMEDIATE,0,relu,<function Exponential_Linear at 0x2b9f6e261620>,5,0.01,472,91.21357727050781,[91.21358   35.233635   2.2207143  2.0057905 51.753315 ]
41,INTERMEDIATE,1,relu,<function Exponential_Linear at 0x2b9f6e261620>,5,0.01,472,91.2105712890625,[91.21057   35.230846   2.2206488  2.0057425 51.753227 ]
41,INTERMEDIATE,2,relu,<function Exponential_Linear at 0x2b9f6e261620>,5,0.01,472,91.2085189819336,[91.20852   35.228928   2.2205393  2.0056586 51.753284 ]
41,INTERMEDIATE,3,relu,<function Exponential_Linear at 0x2b9f6e261620>,5,0.01,472,91.2063980102539,[91.2064    35.22684    2.220488   2.0056114 51.753315 ]
41,INTERMEDIATE,4,relu,<function Exponential_Linear at 0x2b9f6e261620>,5,0.01,472,91.20394134521484,[91.20394   35.224655   2.2204084  2.0055428 51.753193 ]
41,INTERMEDIATE,5,relu,<function Exponential_Linear at 0x2b9f6e261620>,5,0.01,472,91.20162963867188,[91.20163   35.222557   2.22034    2.0054743 51.753185 ]
41,INTERMEDIATE,6,relu,<function Exponential_Linear at 0x2b9f6e261620>,5,0.01,472,91.19935607910156,[91.199356  35.220547   2.2202604  2.0054202 51.753124 ]
41,INTERMEDIATE,7,relu,<function Exponential_Linear at 0x2b9f6e261620>,5,0.01,472,91.19667053222656,[91.19667   35.218094   2.2201948  2.005368  51.753044 ]
41,INTERMEDIATE,8,relu,<function Exponential_Linear at 0x2b9f6e261620>,5,0.01,472,91.19429016113281,[91.19429   35.215816   2.2201235  2.0053108 51.75312  ]
41,INTERMEDIATE,9,relu,<function Exponential_Linear at 0x2b9f6e261620>,5,0.01,472,91.19202423095703,[91.192024  35.21358    2.2200425  2.005248  51.753113 ]
41,COMPLETED,9,relu,<function Exponential_Linear at 0x2b9f6e261620>,5,0.01,472,91.19202423095703,[91.192024  35.21358    2.2200425  2.005248  51.753113 ]
42,INTERMEDIATE,0,elu,<function Exponential_Linear at 0x2b9f6e261620>,2,1e-07,1944,91.16674041748047,[91.16674   35.18884    2.2193034  2.004669  51.753834 ]
42,INTERMEDIATE,1,elu,<function Exponential_Linear at 0x2b9f6e261620>,2,1e-07,1944,91.16377258300781,[91.16377   35.18632    2.2191927  2.0046027 51.753628 ]
42,INTERMEDIATE,2,elu,<function Exponential_Linear at 0x2b9f6e261620>,2,1e-07,1944,91.161376953125,[91.16138  35.184258  2.219113  2.004526 51.753487]
42,INTERMEDIATE,3,elu,<function Exponential_Linear at 0x2b9f6e261620>,2,1e-07,1944,91.15877532958984,[91.158775  35.18201    2.2190337  2.0044663 51.75326  ]
42,INTERMEDIATE,4,elu,<function Exponential_Linear at 0x2b9f6e261620>,2,1e-07,1944,91.15604400634766,[91.156044  35.1795     2.218954   2.0044057 51.753178 ]
42,INTERMEDIATE,5,elu,<function Exponential_Linear at 0x2b9f6e261620>,2,1e-07,1944,91.15354919433594,[91.15355   35.17701    2.2188904  2.004367  51.75322  ]
42,INTERMEDIATE,6,elu,<function Exponential_Linear at 0x2b9f6e261620>,2,1e-07,1944,91.15127563476562,[91.151276  35.174927   2.2188058  2.004308  51.75314  ]
42,INTERMEDIATE,7,elu,<function Exponential_Linear at 0x2b9f6e261620>,2,1e-07,1944,91.14866638183594,[91.14867   35.172535   2.2187047  2.0042434 51.753143 ]
42,INTERMEDIATE,8,elu,<function Exponential_Linear at 0x2b9f6e261620>,2,1e-07,1944,91.14635467529297,[91.146355 35.170334  2.218624  2.004185 51.75321 ]
42,INTERMEDIATE,9,elu,<function Exponential_Linear at 0x2b9f6e261620>,2,1e-07,1944,91.14370727539062,[91.14371   35.167763   2.2185595  2.0041392 51.753277 ]
42,COMPLETED,9,elu,<function Exponential_Linear at 0x2b9f6e261620>,2,1e-07,1944,91.14370727539062,[91.14371   35.167763   2.2185595  2.0041392 51.753277 ]
43,INTERMEDIATE,0,relu,<function Exponential_Linear at 0x2b9f6e261620>,5,1e-07,1583,91.11730194091797,[91.1173    35.14285    2.2178178  2.0035913 51.753098 ]
43,INTERMEDIATE,1,relu,<function Exponential_Linear at 0x2b9f6e261620>,5,1e-07,1583,91.11451721191406,[91.11452   35.140137   2.2177284  2.0035412 51.753143 ]
43,INTERMEDIATE,2,relu,<function Exponential_Linear at 0x2b9f6e261620>,5,1e-07,1583,91.111328125,[91.11133   35.137234   2.2176316  2.0034997 51.75302  ]
43,INTERMEDIATE,3,relu,<function Exponential_Linear at 0x2b9f6e261620>,5,1e-07,1583,91.10843658447266,[91.10844   35.134537   2.2175772  2.0034652 51.75307  ]
43,INTERMEDIATE,4,relu,<function Exponential_Linear at 0x2b9f6e261620>,5,1e-07,1583,91.10563659667969,[91.10564   35.13179    2.2175095  2.00342   51.752922 ]
43,INTERMEDIATE,5,relu,<function Exponential_Linear at 0x2b9f6e261620>,5,1e-07,1583,91.10314178466797,[91.10314   35.129505   2.2174392  2.0033622 51.752987 ]
43,INTERMEDIATE,6,relu,<function Exponential_Linear at 0x2b9f6e261620>,5,1e-07,1583,91.1005859375,[91.100586  35.127007   2.217373   2.0033133 51.753    ]
43,INTERMEDIATE,7,relu,<function Exponential_Linear at 0x2b9f6e261620>,5,1e-07,1583,91.09819030761719,[91.09819  35.124695  2.217306  2.003268 51.75302 ]
43,INTERMEDIATE,8,relu,<function Exponential_Linear at 0x2b9f6e261620>,5,1e-07,1583,91.09571838378906,[91.09572   35.122223   2.2172308  2.0032215 51.75302  ]
43,INTERMEDIATE,9,relu,<function Exponential_Linear at 0x2b9f6e261620>,5,1e-07,1583,91.09309387207031,[91.093094  35.119724   2.217165   2.0031743 51.753044 ]
43,COMPLETED,9,relu,<function Exponential_Linear at 0x2b9f6e261620>,5,1e-07,1583,91.09309387207031,[91.093094  35.119724   2.217165   2.0031743 51.753044 ]
44,INTERMEDIATE,0,relu,<function Exponential_Linear at 0x2b9f6e261620>,2,0.01,106,91.065185546875,[91.065186  35.09291    2.2164068  2.0026758 51.753166 ]
44,INTERMEDIATE,1,relu,<function Exponential_Linear at 0x2b9f6e261620>,2,0.01,106,91.06266021728516,[91.06266   35.090294   2.2163153  2.0026226 51.75338  ]
44,INTERMEDIATE,2,relu,<function Exponential_Linear at 0x2b9f6e261620>,2,0.01,106,91.05963134765625,[91.05963   35.0874     2.2162511  2.0025556 51.753418 ]
44,INTERMEDIATE,3,relu,<function Exponential_Linear at 0x2b9f6e261620>,2,0.01,106,91.0571060180664,[91.057106  35.085087   2.2161698  2.0024967 51.753376 ]
44,INTERMEDIATE,4,relu,<function Exponential_Linear at 0x2b9f6e261620>,2,0.01,106,91.05421447753906,[91.054214  35.082455   2.2161124  2.002461  51.753128 ]
44,INTERMEDIATE,5,relu,<function Exponential_Linear at 0x2b9f6e261620>,2,0.01,106,91.0517349243164,[91.051735 35.08003   2.216056  2.002422 51.753193]
44,INTERMEDIATE,6,relu,<function Exponential_Linear at 0x2b9f6e261620>,2,0.01,106,91.04918670654297,[91.04919   35.07764    2.2159765  2.0023754 51.753147 ]
44,INTERMEDIATE,7,relu,<function Exponential_Linear at 0x2b9f6e261620>,2,0.01,106,91.04649353027344,[91.04649  35.075054  2.215902  2.002333 51.753143]
44,INTERMEDIATE,8,relu,<function Exponential_Linear at 0x2b9f6e261620>,2,0.01,106,91.0438232421875,[91.04382   35.07247    2.2158284  2.0022876 51.753162 ]
44,INTERMEDIATE,9,relu,<function Exponential_Linear at 0x2b9f6e261620>,2,0.01,106,91.04119110107422,[91.04119   35.069946   2.215759   2.0022385 51.75309  ]
44,COMPLETED,9,relu,<function Exponential_Linear at 0x2b9f6e261620>,2,0.01,106,91.04119110107422,[91.04119   35.069946   2.215759   2.0022385 51.75309  ]
45,INTERMEDIATE,0,elu,<function Exponential_Linear at 0x2b9f6e261620>,2,0.01,74,91.01238250732422,[91.01238   35.04235    2.2150624  2.0017753 51.753216 ]
45,INTERMEDIATE,1,elu,<function Exponential_Linear at 0x2b9f6e261620>,2,0.01,74,91.00794982910156,[91.00795   35.03809    2.2150257  2.001777  51.753075 ]
45,INTERMEDIATE,2,elu,<function Exponential_Linear at 0x2b9f6e261620>,2,0.01,74,91.00579833984375,[91.0058   35.036087  2.214951  2.001716 51.753048]
45,INTERMEDIATE,3,elu,<function Exponential_Linear at 0x2b9f6e261620>,2,0.01,74,91.00311279296875,[91.00311   35.033646   2.2148757  2.0016563 51.752872 ]
45,INTERMEDIATE,4,elu,<function Exponential_Linear at 0x2b9f6e261620>,2,0.01,74,91.00008392333984,[91.000084  35.030594   2.2148087  2.001614  51.752945 ]
45,INTERMEDIATE,5,elu,<function Exponential_Linear at 0x2b9f6e261620>,2,0.01,74,90.99735260009766,[90.99735   35.028027   2.214757   2.0015829 51.752934 ]
45,INTERMEDIATE,6,elu,<function Exponential_Linear at 0x2b9f6e261620>,2,0.01,74,90.99456024169922,[90.99456   35.025288   2.2147083  2.0015519 51.752956 ]
45,INTERMEDIATE,7,elu,<function Exponential_Linear at 0x2b9f6e261620>,2,0.01,74,90.99178314208984,[90.99178   35.02267    2.2146513  2.0015178 51.75294  ]
45,INTERMEDIATE,8,elu,<function Exponential_Linear at 0x2b9f6e261620>,2,0.01,74,90.98895263671875,[90.98895   35.01988    2.2145834  2.0014777 51.75302  ]
45,INTERMEDIATE,9,elu,<function Exponential_Linear at 0x2b9f6e261620>,2,0.01,74,90.98621368408203,[90.98621   35.01718    2.2145324  2.0014446 51.753086 ]
45,COMPLETED,9,elu,<function Exponential_Linear at 0x2b9f6e261620>,2,0.01,74,90.98621368408203,[90.98621   35.01718    2.2145324  2.0014446 51.753086 ]
46,INTERMEDIATE,0,elu,relu,2,1e-07,1885,90.9535140991211,[90.953514  34.985695   2.2139685  2.001039  51.752903 ]
46,INTERMEDIATE,1,elu,relu,2,1e-07,1885,90.95207214355469,[90.95207   34.98411    2.2138948  2.0010014 51.753155 ]
46,INTERMEDIATE,2,elu,relu,2,1e-07,1885,90.94953155517578,[90.94953   34.981934   2.2138343  2.0009677 51.75291  ]
46,INTERMEDIATE,3,elu,relu,2,1e-07,1885,90.94660949707031,[90.94661   34.979237   2.2137523  2.0009198 51.752827 ]
46,INTERMEDIATE,4,elu,relu,2,1e-07,1885,90.9439697265625,[90.94397   34.97667    2.2136965  2.0008893 51.75289  ]
46,INTERMEDIATE,5,elu,relu,2,1e-07,1885,90.94136047363281,[90.94136   34.97424    2.2136486  2.0008507 51.752914 ]
46,INTERMEDIATE,6,elu,relu,2,1e-07,1885,90.93856048583984,[90.93856   34.971584   2.2135916  2.0008109 51.752907 ]
46,INTERMEDIATE,7,elu,relu,2,1e-07,1885,90.9357681274414,[90.93577   34.96875    2.2135365  2.0007746 51.752987 ]
46,INTERMEDIATE,8,elu,relu,2,1e-07,1885,90.93305206298828,[90.93305   34.966057   2.2134752  2.0007377 51.75304  ]
46,INTERMEDIATE,9,elu,relu,2,1e-07,1885,90.93002319335938,[90.93002   34.963238   2.2134197  2.0007029 51.75295  ]
46,COMPLETED,9,elu,relu,2,1e-07,1885,90.93002319335938,[90.93002   34.963238   2.2134197  2.0007029 51.75295  ]
47,INTERMEDIATE,0,elu,relu,2,0.01,1902,90.89946746826172,[90.89947   34.933468   2.2126286  2.0001962 51.753223 ]
47,INTERMEDIATE,1,elu,relu,2,0.01,1902,90.89691925048828,[90.89692   34.930843   2.2126234  2.0001888 51.753227 ]
47,INTERMEDIATE,2,elu,relu,2,0.01,1902,90.8935775756836,[90.89358   34.92745    2.212624   2.0001984 51.753094 ]
47,INTERMEDIATE,3,elu,relu,2,0.01,1902,90.89054107666016,[90.89054   34.924637   2.2125716  2.0001664 51.75294  ]
47,INTERMEDIATE,4,elu,relu,2,0.01,1902,90.8876724243164,[90.88767   34.921535   2.212563   2.0001614 51.753143 ]
47,INTERMEDIATE,5,elu,relu,2,0.01,1902,90.88459777832031,[90.8846    34.91847    2.2125268  2.0001354 51.753166 ]
47,INTERMEDIATE,6,elu,relu,2,0.01,1902,90.8814926147461,[90.88149   34.915573   2.212446   2.0000908 51.75322  ]
47,INTERMEDIATE,7,elu,relu,2,0.01,1902,90.87826538085938,[90.878265  34.912437   2.2124023  2.0000648 51.753166 ]
47,INTERMEDIATE,8,elu,relu,2,0.01,1902,90.87548828125,[90.87549   34.909706   2.212354   2.0000365 51.75318  ]
47,INTERMEDIATE,9,elu,relu,2,0.01,1902,90.87259674072266,[90.8726    34.906815   2.2123015  2.0000036 51.753105 ]
47,COMPLETED,9,elu,relu,2,0.01,1902,90.87259674072266,[90.8726    34.906815   2.2123015  2.0000036 51.753105 ]
48,INTERMEDIATE,0,elu,relu,2,1e-07,1977,90.83885955810547,[90.83886   34.874992   2.2116597  1.9996258 51.752575 ]
48,INTERMEDIATE,1,elu,relu,2,1e-07,1977,90.8360824584961,[90.83608   34.871887   2.211697   1.9996448 51.752846 ]
48,INTERMEDIATE,2,elu,relu,2,1e-07,1977,90.83299255371094,[90.83299   34.86889    2.2116528  1.9995992 51.75285  ]
48,INTERMEDIATE,3,elu,relu,2,1e-07,1977,90.83026123046875,[90.83026   34.86626    2.2115958  1.9995922 51.752804 ]
48,INTERMEDIATE,4,elu,relu,2,1e-07,1977,90.82738494873047,[90.827385  34.863457   2.2115595  1.9995638 51.752834 ]
48,INTERMEDIATE,5,elu,relu,2,1e-07,1977,90.8240966796875,[90.8241    34.86022    2.2115095  1.9995362 51.752853 ]
48,INTERMEDIATE,6,elu,relu,2,1e-07,1977,90.82096099853516,[90.82096   34.857155   2.21147    1.9995135 51.75287  ]
48,INTERMEDIATE,7,elu,relu,2,1e-07,1977,90.81812286376953,[90.81812   34.85429    2.2114208  1.9994856 51.752968 ]
48,INTERMEDIATE,8,elu,relu,2,1e-07,1977,90.81488037109375,[90.81488   34.85115    2.2113843  1.9994684 51.75284  ]
48,INTERMEDIATE,9,elu,relu,2,1e-07,1977,90.81185150146484,[90.81185  34.84808   2.211335  1.999438 51.752926]
48,COMPLETED,9,elu,relu,2,1e-07,1977,90.81185150146484,[90.81185  34.84808   2.211335  1.999438 51.752926]
49,INTERMEDIATE,0,tanh,<function Exponential_Linear at 0x2b9f6e261620>,2,0.01,31,90.77848815917969,[90.77849   34.815807   2.2107725  1.9990982 51.75284  ]
49,INTERMEDIATE,1,tanh,<function Exponential_Linear at 0x2b9f6e261620>,2,0.01,31,90.77484130859375,[90.77484   34.81204    2.210775   1.9991227 51.752872 ]
49,INTERMEDIATE,2,tanh,<function Exponential_Linear at 0x2b9f6e261620>,2,0.01,31,90.77226257324219,[90.77226   34.80945    2.210721   1.9991046 51.752945 ]
49,INTERMEDIATE,3,tanh,<function Exponential_Linear at 0x2b9f6e261620>,2,0.01,31,90.76854705810547,[90.76855   34.805733   2.2106645  1.9990892 51.75294  ]
49,INTERMEDIATE,4,tanh,<function Exponential_Linear at 0x2b9f6e261620>,2,0.01,31,90.76548767089844,[90.76549   34.80272    2.2106113  1.999065  51.752945 ]
49,INTERMEDIATE,5,tanh,<function Exponential_Linear at 0x2b9f6e261620>,2,0.01,31,90.76237487792969,[90.762375  34.799755   2.2105587  1.9990331 51.753    ]
49,INTERMEDIATE,6,tanh,<function Exponential_Linear at 0x2b9f6e261620>,2,0.01,31,90.75920867919922,[90.75921   34.79663    2.210517   1.9990146 51.75308  ]
49,INTERMEDIATE,7,tanh,<function Exponential_Linear at 0x2b9f6e261620>,2,0.01,31,90.75614929199219,[90.75615   34.793743   2.2104678  1.9989855 51.753033 ]
49,INTERMEDIATE,8,tanh,<function Exponential_Linear at 0x2b9f6e261620>,2,0.01,31,90.7530517578125,[90.75305   34.790672   2.2104166  1.9989551 51.753098 ]
49,INTERMEDIATE,9,tanh,<function Exponential_Linear at 0x2b9f6e261620>,2,0.01,31,90.74987030029297,[90.74987   34.787613   2.2103736  1.9989333 51.75312  ]
49,COMPLETED,9,tanh,<function Exponential_Linear at 0x2b9f6e261620>,2,0.01,31,90.74987030029297,[90.74987   34.787613   2.2103736  1.9989333 51.75312  ]
50,INTERMEDIATE,0,relu,<function Exponential_Linear at 0x2b9f6e261620>,2,1e-07,146,90.71283721923828,[90.71284   34.751408   2.2098622  1.9986933 51.752907 ]
50,INTERMEDIATE,1,relu,<function Exponential_Linear at 0x2b9f6e261620>,2,1e-07,146,90.70951080322266,[90.70951  34.748158  2.209817  1.998679 51.752953]
50,INTERMEDIATE,2,relu,<function Exponential_Linear at 0x2b9f6e261620>,2,1e-07,146,90.70735931396484,[90.70736   34.7458     2.2097805  1.998636  51.75309  ]
50,INTERMEDIATE,3,relu,<function Exponential_Linear at 0x2b9f6e261620>,2,1e-07,146,90.70430755615234,[90.70431   34.74292    2.2097313  1.9986014 51.753033 ]
50,INTERMEDIATE,4,relu,<function Exponential_Linear at 0x2b9f6e261620>,2,1e-07,146,90.70111083984375,[90.70111   34.739983   2.209694   1.9985883 51.752907 ]
50,INTERMEDIATE,5,relu,<function Exponential_Linear at 0x2b9f6e261620>,2,1e-07,146,90.69786834716797,[90.69787   34.736763   2.2096467  1.998561  51.752907 ]
50,INTERMEDIATE,6,relu,<function Exponential_Linear at 0x2b9f6e261620>,2,1e-07,146,90.69466400146484,[90.694664  34.733555   2.2095916  1.9985363 51.752987 ]
50,INTERMEDIATE,7,relu,<function Exponential_Linear at 0x2b9f6e261620>,2,1e-07,146,90.6915512084961,[90.69155   34.730415   2.2095428  1.9985113 51.752975 ]
50,INTERMEDIATE,8,relu,<function Exponential_Linear at 0x2b9f6e261620>,2,1e-07,146,90.68822479248047,[90.688225  34.72708    2.2095046  1.998499  51.75295  ]
50,INTERMEDIATE,9,relu,<function Exponential_Linear at 0x2b9f6e261620>,2,1e-07,146,90.68513488769531,[90.685135  34.72403    2.209457   1.9984717 51.753002 ]
50,COMPLETED,9,relu,<function Exponential_Linear at 0x2b9f6e261620>,2,1e-07,146,90.68513488769531,[90.685135  34.72403    2.209457   1.9984717 51.753002 ]
